titel,name,email,zugang,quelle,status,link
"Berufsanschlussfähige Teilqualifizierung (MyTQ) - Fachinformatiker*in für Anwendungsentwicklung - TQ3 IT-Sicherheit anwenden, Serverdienste installieren und warten",Internationaler Bund IB Mitte gGmbH für Bildung und soziale Dienste,,"<p>Bildungsgutschein (FbW), gegebenenfalls sind weitere Förderungen möglich, wir beraten Sie gerne. </p><p>Zur Teilnahme sind Sprachkenntnisse auf Niveau B2 notwendig.</p>",bildungsanbieter,not sent,https://ib-mitte.de/fachinformatiker-anwendungsentwicklung-mytq
Berufsschule für Pflegeassistenten und Pflegeassistentinnen,"Berufliche Schule des Kreises Pinneberg in Elmshorn, Europaschule",info@bs-elmshorn.de,"<p>Erster Allgemeinbildender Schulabschluss, Bereitschaft zur aktiven Teilnahme an den festlegten Praxiswochen.</p><p>Spätestens zum Beginn der Ausbildung sind ein erweitertes polizeiliches Führungszeugnis sowie eine Impfbescheinigung (Masern) vorzulegen.</p>",bildungsanbieter,not sent,https://www.bs-elmshorn.de/pflegeassistenz.html
Erwerb von Grundkompetenzen: Vermittlung berufsübergreifender Grundkompetenzen,Akademie Überlingen,kursnet-management@a-ue.de,<p>vorab Beratungs- und Eignungsgespräch</p>,bildungsanbieter,not sent,https://www.akademie-ueberlingen.de/kurs-basisdaten/erwerb-von-grundkompetenzen/
"Vorbereitung auf eine Umschulung (kaufmännisch, Lagerlogistik, Schutz und Sicherheit) mit Schwerpunkt EDV-Grundlagen und Textverarbeitung",GfM GmbH & Co. KG,berlin@gfm-gruppe.de,<p>Vorausgesetzt werden Deutschkenntnisse auf dem Niveau Deutsch B.2.</p>,bildungsanbieter,not sent,https://gfm-weiterbildung.de/info-zu-weiterbildungen-und-coachings/?utm_source=Kursnet&utm_campaign=Kursnet&utm_medium=Link_Kurs&utm_term=ZU-K-4046-1#/kurs-fuer-arbeitssuchende/ZU-K-4046-1
Erwerb von Grundkompetenzen - Grundwissen Mathematik (Grundrechenarten & Zins- und Prozentrechnung),TEMP.Akademie GmbH,info@tempakademie.de,<p>An der Maßnahme können Teilnehmer mit unterschiedlichen Zugangsvoraussetzungen teilnehmen. Bestimmte berufliche Vorkenntnisse oder Erfahrungen sind für die Teilnahme an der Maßnahme nicht erforderlich. <br/>Ausnahmeregelungen erfolgen in Abstimmung mit dem JC/der Arbeitsagentur oder der optierenden Kommune. Grundlegende Deutschsprachkenntnisse (Niveau A2 GER) werden vorausgesetzt.</p>,bildungsanbieter,not sent,https://www.tempakademie.de/viona?utm_source=Kursnet&utm_campaign=Kursnet&utm_medium=Link_Kurs&utm_term=S-2368-C-6
Erwerb von Grundkompetenzen - IT-Kompetenz (PC - Computer Grundlagen und Microsoft Word - Textverarbeitung),IBB Institut für Berufliche Bildung GmbH,kundencenter-kursnet@ibb.com,"<p>Bestimmte berufliche Vorkenntnisse oder Erfahrungen sind für eine Teilnahme nicht erforderlich. Um unser Angebot individuell auf Ihre Bedürfnisse zuschneiden zu können, führen wir mit Ihnen vorab ein persönliches Beratungsgespräch. Ausnahmeregelungen erfolgen in Abstimmung mit dem Jobcenter bzw. der Arbeitsagentur oder der optierenden Kommune.</p><p>Allen Interessierten stehen wir in einem persönlichen Gespräch zur Abklärung ihrer individuellen Teilnahmevoraussetzungen zur Verfügung.</p>",bildungsanbieter,not sent,https://www.ibb.com/kurs-fuer-arbeitssuchende/S-2368-K-6?utm_source=Kursnet&utm_medium=Link_Kurs&utm_campaign=Kursnet&utm_term=S-2368-K-6
"Vorbereitung auf eine Umschulung (kaufmännisch, Lagerlogistik, Schutz und Sicherheit) mit Schwerpunkt Textverarbeitung und Einführung in die Buchführung",Lernstudio Barbarossa/MegaKids Fortbildungs GmbH,viona@lernstudio-barbarossa.de,<p>Vorausgesetzt werden Deutschkenntnisse auf dem Niveau Deutsch B2.</p>,bildungsanbieter,not sent,https://www.lernstudio-barbarossa.de/weiterbildung/?utm_source=Kursnet&utm_campaign=Kursnet&utm_medium=Link_Kurs&utm_term=ZU-K-4042-1
"Vorbereitung auf eine Umschulung (kaufmännisch, Lagerlogistik, Schutz und Sicherheit) mit Schwerpunkt EDV",Lernstudio Barbarossa/MegaKids Fortbildungs GmbH,viona@lernstudio-barbarossa.de,<p>Vorausgesetzt werden Deutschkenntnisse auf dem Niveau Deutsch B2.</p>,bildungsanbieter,not sent,https://www.lernstudio-barbarossa.de/weiterbildung/?utm_source=Kursnet&utm_campaign=Kursnet&utm_medium=Link_Kurs&utm_term=ZU-K-4043-1
"Betreuungskraft nach §§ 43b, 53b SGB XI mit Zusatzqualifikation Demenz verstehen",IBB Institut für Berufliche Bildung GmbH,kundencenter-kursnet@ibb.com,"<p>Teilnehmende sollten soziale Kompetenz, Empathie-Fähigkeit, hohe Belastbarkeit sowie Wahrnehmungsfähigkeit und Beobachtungsgabe aufweisen. Sie müssen sich in einem mindestens fünftägigen Praktikum VOR Beginn des Kurses erproben. Hierbei finden Sie heraus, ob Ihnen die Arbeit mit demenzerkrankten, körperlich beeinträchtigten oder geistig behinderten Menschen Freude bereitet. Computer-Kenntnisse sind unbedingt sicherzustellen. Die Deutschkenntnisse sollten sich auf muttersprachlichem Niveau bewegen (mind. Niveau B2 - ggf. Einstufungstest).</p><p>Allen Interessierten stehen wir in einem persönlichen Gespräch zur Abklärung ihrer individuellen Teilnahmevoraussetzungen zur Verfügung.</p>",bildungsanbieter,not sent,https://www.ibb.com/kurs-fuer-arbeitssuchende/Z-P-7120?utm_source=Kursnet&utm_medium=Link_Kurs&utm_campaign=Kursnet&utm_term=Z-P-7120
Erwerb von Grundkompetenzen - Grundwissen Mathematik (Anwendung von Zahlen & Zins- und Prozentrechnung),Lernstudio Barbarossa/MegaKids Fortbildungs GmbH,viona@lernstudio-barbarossa.de,<p>An der Maßnahme können Teilnehmer mit unterschiedlichen Zugangsvoraussetzungen teilnehmen. Bestimmte berufliche Vorkenntnisse oder Erfahrungen sind für die Teilnahme an der Maßnahme nicht erforderlich. <br/>Ausnahmeregelungen erfolgen in Abstimmung mit dem JC/der Arbeitsagentur oder der optierenden Kommune. Grundlegende Deutschsprachkenntnisse (Niveau A2 GER) werden vorausgesetzt.</p>,bildungsanbieter,not sent,https://www.lernstudio-barbarossa.de/weiterbildung/?utm_source=Kursnet&utm_campaign=Kursnet&utm_medium=Link_Kurs&utm_term=S-2368-D-6
Fachpraktiker*in Floristik,Mariaberger Ausbildung & Service gemeinnützige GmbH,beruflichebildung@mariaberg.de,keine Angabe,bildungsanbieter,not sent,https://www.mariaberg.de/ausbildung-duales-studium
Erwerb von Grundkompetenzen - IT-Kompetenz (Microsoft Word - Textverarbeitung und Microsoft PowerPoint - Präsentationen),TERTIA Berufsförderung GmbH & Co. KG,info@tertia.de,"<p>Bestimmte berufliche Vorkenntnisse oder Erfahrungen sind für eine Teilnahme nicht erforderlich. Um unser Angebot individuell auf Ihre Bedürfnisse zuschneiden zu können, führen wir mit Ihnen vorab ein persönliches Beratungsgespräch. Ausnahmeregelungen erfolgen in Abstimmung mit dem Jobcenter bzw. der Arbeitsagentur oder der optierenden Kommune.</p>",bildungsanbieter,not sent,https://www.viona.online/kursdetail/s-2368-j?utm_source=Kursnet&utm_campaign=Kursnet&utm_medium=Link_Kurs&utm_term=S-2368-J-5_TERTIA
Grundkompetenzen: Mathematik 1,TERTIA Berufsförderung GmbH & Co. KG,schnittstelle@tertia.de,keine Angabe,bildungsanbieter,not sent,https://www.tertia.de/tobi_grundkompetenzen/
Prüfungsvorbereitung Fachkraft für Gastronomie (IHK),cpi consulting + training GmbH,anfrage@cpi.de,"<ul><li> Abgeschlossene Ausbildung oder ein Studium bzw. ein abgebrochenes Hochschulstudium oder ausreichende Berufserfahrung.</li><li> Sichere Deutschkenntnisse in Wort und Schrift.</li><li> Grundkenntnisse in Englisch und EDV sind von Vorteil.</li><li> Ein internes Auswahlverfahren in Form eines Fachgesprächs ist mit dem Ergebnis ""gut geeignet"" zu bestehen.</li></ul><p>Darüber hinaus gelten die Zugangsvoraussetzungen des Kostenträgers. Ausnahmen können in Absprache mit der cpi consulting + training GmbH und dem Kostenträger vereinbart werden.<br/>Die beruflichen und schulischen Zugangsvoraussetzungen werden anhand des Lebenslaufs, vorgelegter Zeugnisse und Zertifikate oder durch eine Eignungsfeststellung im Rahmen eines ausführlichen Fachgesprächs überprüft.</p>",bildungsanbieter,not sent,https://www.cpi.de/gastgewerbe-service/pruefungsvorbereitung-fachkraft-gastronomie-ihk/?utm_campaign=weiterbildung&utm_source=kursnet
Erwerb von Grundkompetenzen,IBB Institut für Berufliche Bildung Harz GmbH,info@ibb-harz.de,<p>An der Maßnahme können Teilnehmer mit unterschiedlichen Zugangsvoraussetzungen teilnehmen. Bestimmte berufliche Vorkenntnisse oder Erfahrungen sind für die Teilnahme an der Maßnahme nicht erforderlich. <br/>Ausnahmeregelungen erfolgen in Abstimmung mit dem JC/der Arbeitsagentur oder der optierenden Kommune. Grundlegende Deutschsprachkenntnisse (Niveau A2 GER) werden vorausgesetzt.</p>,bildungsanbieter,not sent,https://www.ibb-harz.de/weiterbildung/virtuelle-akademie/?utm_source=Kursnet&utm_campaign=Kursnet&utm_medium=Link_Kurs&utm_term=S-2370-6#/kurs-fuer-arbeitssuchende/S-2370-6
Immobilienkaufmann - Vorbereitung auf die IHK-Prüfung,COMCAVE.COLLEGE GmbH,anfrage@comcave.com,"<ul><li> Die Zulassung zur IHK-Abschlussprüfung muss vorliegen.</li><li> Deutsch in Wort und Schrift.</li><li> Persönliches Eignungsgespräch im Rahmen der Fachberatung.</li></ul><p>Ausnahmen sind in Absprache mit COMCAVE und dem jeweiligen Kostenträger, zum Beispiel der Agentur für Arbeit oder dem Jobcenter, möglich. Des Weiteren gelten die Zugangsvoraussetzungen des Kostenträgers.</p>",bildungsanbieter,not sent,https://www.comcave.de/weiterbildung/bewerbungstraining-vorbereitung/vorbereitungskurse/vorbereitung-ihk-pruefung-immobilienkaufmann-immobilienkauffrau/?utm_campaign=weiterbildung&utm_source=kursnet
"Vorbereitung auf eine Umschulung (kaufmännisch, Lagerlogistik, Schutz und Sicherheit) mit Schwerpunkt Textverarbeitung und Einführung in die Buchführung",BVH Gesellschaft für angewandte Bildung und Sozialforschung mbH,viona@bvh-karriere.de,<p>Vorausgesetzt werden Deutschkenntnisse auf dem Niveau Deutsch B2.</p>,bildungsanbieter,not sent,https://bvh-karriere.de/bildungsangebote/weiterbildung_umschulung/?utm_source=Kursnet&utm_campaign=Kursnet&utm_medium=Link_Kurs&utm_term=ZU-K-4042-1#/kurs-fuer-arbeitssuchende/ZU-K-4042-1
Industriekaufmann - Vorbereitung auf die IHK-Prüfung,COMCAVE.COLLEGE GmbH,anfrage@comcave.com,"<ul><li> Die Zulassung zur IHK-Abschlussprüfung muss vorliegen.</li><li> Deutsch in Wort und Schrift.</li><li> Persönliches Eignungsgespräch im Rahmen der Fachberatung.</li></ul><p>Ausnahmen sind in Absprache mit COMCAVE und dem jeweiligen Kostenträger, zum Beispiel der Agentur für Arbeit oder dem Jobcenter, möglich. Des Weiteren gelten die Zugangsvoraussetzungen des Kostenträgers.</p>",bildungsanbieter,not sent,https://www.comcave.de/weiterbildung/bewerbungstraining-vorbereitung/vorbereitungskurse/vorbereitung-ihk-pruefung-industriekauffrau-industriekaufmann/?utm_campaign=weiterbildung&utm_source=kursnet
"Vorbereitung auf eine Umschulung (kaufmännisch, Lagerlogistik, Schutz und Sicherheit) mit Schwerpunkt Sprachfestigung auf Englisch A2/ B1-Niveau",Lernstudio Barbarossa/MegaKids Fortbildungs GmbH,viona@lernstudio-barbarossa.de,<p>Vorausgesetzt werden Deutschkenntnisse auf dem Sprachniveau B1.1.</p>,bildungsanbieter,not sent,https://www.lernstudio-barbarossa.de/weiterbildung/?utm_source=Kursnet&utm_campaign=Kursnet&utm_medium=Link_Kurs&utm_term=ZU-S-4045-1
"Betreuungskraft nach §§ 43b, 53b SGB XI mit Zusatzqualifikation Demenz verstehen",IBB Institut für Berufliche Bildung GmbH,kundencenter-kursnet@ibb.com,"<p>Teilnehmende sollten soziale Kompetenz, Empathie-Fähigkeit, hohe Belastbarkeit sowie Wahrnehmungsfähigkeit und Beobachtungsgabe aufweisen. Sie müssen sich in einem mindestens fünftägigen Praktikum VOR Beginn des Kurses erproben. Hierbei finden Sie heraus, ob Ihnen die Arbeit mit demenzerkrankten, körperlich beeinträchtigten oder geistig behinderten Menschen Freude bereitet. Computer-Kenntnisse sind unbedingt sicherzustellen. Die Deutschkenntnisse sollten sich auf muttersprachlichem Niveau bewegen (mind. Niveau B2 - ggf. Einstufungstest).</p><p>Allen Interessierten stehen wir in einem persönlichen Gespräch zur Abklärung ihrer individuellen Teilnahmevoraussetzungen zur Verfügung.</p>",bildungsanbieter,not sent,https://www.ibb.com/kurs-fuer-arbeitssuchende/Z-P-7120?utm_source=Kursnet&utm_medium=Link_Kurs&utm_campaign=Kursnet&utm_term=Z-P-7120
Vorbereitung auf eine Mediengestalter-Umschulung - Schwerpunkt: Tools in der Mediengestaltung - Intensiv,Lernstudio Barbarossa/MegaKids Fortbildungs GmbH,viona@lernstudio-barbarossa.de,"<p>Besondere Teilnahmevoraussetzungen sind nicht nötig, da die konkreten Inhalte und Schwerpunkte individuell auf jeden Teilnehmer, seinen Bedarf und seine Vorkenntnisse abgestimmt werden.</p>",bildungsanbieter,not sent,https://www.lernstudio-barbarossa.de/weiterbildung/?utm_source=Kursnet&utm_campaign=Kursnet&utm_medium=Link_Kurs&utm_term=ZU-X-4410-1
Nachprüfungsvorbereitung Teil II der Umschulung Kaufmann/-frau im E-Commerce,WBS TRAINING SE,info@wbstraining.de,<p>Die Zulassungsvoraussetzungen für die Abschlussprüfung müssen erfüllt sein (z. B. durch Absolvieren des Praktikums und Lerninhalte der AO).</p>,bildungsanbieter,not sent,https://www.wbstraining.de/kn/nachpruefung-teil-ii-umschulung-ecommerce/
"Betreuungskraft nach §§ 43b, 53b SGB XI mit Zusatzqualifikationen Ethik und Umgang mit psychischen Belastungen",IBB Institut für Berufliche Bildung GmbH,kundencenter-kursnet@ibb.com,"<p>Sie müssen sich in einem mindestens fünftägigen Praktikum VOR Beginn des Kurses erproben. Hier sollen Sie als Interessent herausfinden, ob Ihnen die Arbeit mit demenzerkrankten, körperlich beeinträchtigten oder geistig behinderten Menschen Freude bereitet. Gute sprachliche Verständigung in Deutsch sowie PC-Grundkenntnisse sollten Sie mitbringen.</p><br/><br/><p>Allen Interessierten stehen wir in einem persönlichen Gespräch zur Abklärung ihrer individuellen Teilnahmevoraussetzungen zur Verfügung.</p>",bildungsanbieter,not sent,https://www.ibb.com/kurs-fuer-arbeitssuchende/Z-P-2949-2?utm_source=Kursnet&utm_medium=Link_Kurs&utm_campaign=Kursnet&utm_term=Z-P-2949-2
"Kauffrau, Kaufmann für Spedition- und Logistikdienstleistung - Vorbereitung auf die IHK-Prüfung",COMCAVE.COLLEGE GmbH,anfrage@comcave.com,"<ul><li> Die Zulassung zur IHK-Abschlussprüfung muss vorliegen.</li><li> Deutsch in Wort und Schrift.</li><li> Persönliches Eignungsgespräch im Rahmen der Fachberatung.</li></ul><p>Ausnahmen sind in Absprache mit COMCAVE und dem jeweiligen Kostenträger, zum Beispiel der Agentur für Arbeit oder dem Jobcenter, möglich. Des Weiteren gelten die Zugangsvoraussetzungen des Kostenträgers.</p>",bildungsanbieter,not sent,https://www.comcave.de/weiterbildung/bewerbungstraining-vorbereitung/vorbereitungskurse/vorbereitung-ihk-pruefung-kauffrau-kaufmann-spedition-logistikdienstleistung/?utm_campaign=weiterbildung&utm_source=kursnet
Vorbereitungskurs auf eine medieninformationstechnische Umschulung,COMCAVE.COLLEGE GmbH,anfrage@comcave.com,"<ul><li> Mindestens Hauptschulabschluss oder vergleichbaren Schulabschluss.</li><li> Interesse für den IT oder medieninformationstechnischen Bereich.</li><li> Deutsch in Wort und Schrift.</li><li> Grundlegende PC-Kenntnisse.</li><li> Ein internes Auswahlverfahren im Rahmen eines Fachgespräches ist mit ""gut geeignet"" zu bestehen.</li></ul><p>Des Weiteren gelten die Zugangsvoraussetzungen des Kostenträgers, Ausnahmen sind in Absprache mit dem COMCAVE.COLLEGE® und dem Kostenträger möglich.<br/>Die beruflichen und schulischen Zugangsvoraussetzungen werden anhand von Lebenslauf, Zeugnissen und Zertifikaten, bzw. einer Eignungsfeststellung im Rahmen eines ausführlichen persönlichen Fachgespräches geprüft.</p>",bildungsanbieter,not sent,https://www.comcave.de/weiterbildung/bewerbungstraining-vorbereitung/vorbereitung-umschulung-weiterbildung-it-bereich/?utm_campaign=weiterbildung&utm_source=kursnet
Orientierungsphase für IT-Berufe - Vorbereitung auf eine Umschulung im IT-Bereich oder eine IT-Weiterbildung,Akademie Überlingen,kursnet-management@a-ue.de,<ul><li>gute Sprachkenntnisse in Deutsch in Wort und Schrift </li><li>grundlegende EDV-Kenntnisse </li><li>Affinität für den IT-Bereich</li></ul>,bildungsanbieter,not sent,https://www.akademie-ueberlingen.de/kurs-basisdaten/orientierungsphase-fuer-it-berufe-vorbereitung-auf-eine-umschulung-im-it-bereich-oder-eine-it-weiterbildung/?mtm_campaign=Kursnet&mtm_kwd=Digital-Akademie
Erwerb von Grundkompetenzen - Grundwissen Mathematik (Grundrechenarten & Bruchrechnung),IBB Institut für Berufliche Bildung GmbH,kundencenter-kursnet@ibb.com,<p>An der Maßnahme können Teilnehmer mit unterschiedlichen Zugangsvoraussetzungen teilnehmen. Bestimmte berufliche Vorkenntnisse oder Erfahrungen sind für die Teilnahme an der Maßnahme nicht erforderlich.<br/>Ausnahmeregelungen erfolgen in Abstimmung mit dem JC/der Arbeitsagentur oder der optierenden Kommune. Grundlegende Deutschsprachkenntnisse (Niveau A2 GER) werden vorausgesetzt.</p><br/><br/><p>Allen Interessierten stehen wir in einem persönlichen Gespräch zur Abklärung ihrer individuellen Teilnahmevoraussetzungen zur Verfügung.</p>,bildungsanbieter,not sent,https://www.ibb.com/kurs-fuer-arbeitssuchende/S-2368-A-6?utm_source=Kursnet&utm_medium=Link_Kurs&utm_campaign=Kursnet&utm_term=S-2368-A-6
Erwerb von Grundkompetenzen mit begleitenden Einzelcoaching (Powerkurs),Softdoor GmbH,info@iasmed.de,<ul><li>mind. B1 Deutschkenntnisse</li><li>Leistungsbezug SGB II oder SGB III</li></ul>,bildungsanbieter,not sent,http://www.softdoor.de
Vorkurs für Blinde,BFW Düren gGmbH Zentrum für berufliche Bildung Blinder und Sehbehinderter,info@bfw.dueren.de,keine Angabe,bildungsanbieter,not sent,
Maßnahme zum Erwerb von Grundkompetenzen mit Englisch,WBS TRAINING SE,info@wbstraining.de,"<p>An dieser Maßnahme zum Erwerb von Grundkompetenzen können Sie teilnehmen, wenn Sie einen anerkannten Berufsabschluss anstreben und sich auf die entsprechende Umschulung vorbereiten möchten, indem Sie grundlegende Kenntnisse absichern.</p>",bildungsanbieter,not sent,https://www.wbstraining.de/kn/erwerb-grundkompetenzen-varianten/
"Alltagsbegleiter - Betreuungskraft nach §§ 43b, 53b SGB XI",COMCAVE.COLLEGE GmbH,anfrage@comcave.com,"<ul><li> Abgeschlossene Ausbildung im relevanten Bereich oder ein Studium bzw. ein abgebrochenes Hochschulstudium oder ausreichende Berufserfahrung</li><li> Deutsch in Wort und Schrift</li><li> Grundlegende EDV-Kenntnisse</li><li> Grundkenntnisse in Englisch wünschenswert, aber nicht zwingend erforderlich</li><li> Ein internes Auswahlverfahren im Rahmen eines Fachgespräches ist mit ""gut geeignet"" zu bestehen</li></ul><p>Des Weiteren gelten die Zugangsvoraussetzungen des Kostenträgers, Ausnahmen sind in Absprache mit dem COMCAVE.COLLEGE® und dem Kostenträger möglich.<br/>Die beruflichen und schulischen Zugangsvoraussetzungen werden anhand von Lebenslauf, Zeugnissen und Zertifikaten, bzw. einer Eignungsfeststellung im Rahmen eines ausführlichen persönlichen Fachgespräches geprüft.</p>",bildungsanbieter,not sent,https://www.comcave.de/weiterbildung/alltagsbetreuer-betreuungskraft-nach-paragraf-43b-53b-sgb-xi/?utm_campaign=weiterbildung&utm_source=kursnet
Nachprüfungsvorbereitung Teil II der Umschulung Fachinformatiker Anwendungsentwicklung (w/m/d),WBS TRAINING SE,info@wbstraining.de,<p>Die Zulassungsvoraussetzungen für die Abschlussprüfung müssen erfüllt sein (z. B. durch Absolvieren des Praktikums und Lerninhalte der AO).</p>,bildungsanbieter,not sent,https://www.wbstraining.de/kn/nachpruefung-ii-umschulung-fachinformatiker/
"Kauffrau, Kaufmann für Groß- und Außenhandelsmanagement (Großhandel) - Vorbereitung auf die IHK-Prüfung",COMCAVE.COLLEGE GmbH,anfrage@comcave.com,"<ul><li> Die Zulassung zur IHK-Abschlussprüfung muss vorliegen.</li><li> Deutsch in Wort und Schrift.</li><li> Persönliches Eignungsgespräch im Rahmen der Fachberatung.</li></ul><p>Ausnahmen sind in Absprache mit COMCAVE und dem jeweiligen Kostenträger, zum Beispiel der Agentur für Arbeit oder dem Jobcenter, möglich. Des Weiteren gelten die Zugangsvoraussetzungen des Kostenträgers.</p>",bildungsanbieter,not sent,https://www.comcave.de/weiterbildung/bewerbungstraining-vorbereitung/vorbereitungskurse/vorbereitung-ihk-pruefung-kauffrau-kaufmann-gross-aussenhandelsmanagement-grosshandel/?utm_campaign=weiterbildung&utm_source=kursnet
"Mediengestalter Digital und Print - Vorbereitung auf die IHK-Prüfung, Fachrichtung Designkonzeption",COMCAVE.COLLEGE GmbH,anfrage@comcave.com,"<ul><li> Die Zulassung zur IHK-Abschlussprüfung muss vorliegen.</li><li> Deutsch in Wort und Schrift.</li><li> Persönliches Eignungsgespräch im Rahmen der Fachberatung.</li></ul><p>Ausnahmen sind in Absprache mit COMCAVE und dem jeweiligen Kostenträger, zum Beispiel der Agentur für Arbeit oder dem Jobcenter, möglich. Des Weiteren gelten die Zugangsvoraussetzungen des Kostenträgers.</p>",bildungsanbieter,not sent,https://www.comcave.de/weiterbildung/bewerbungstraining-vorbereitung/vorbereitungskurse/vorbereitung-ihk-pruefung-mediengestalter-designkonzeption/?utm_campaign=weiterbildung&utm_source=kursnet
"Vorbereitung auf eine Umschulung (kaufmännisch, Lagerlogistik, Schutz und Sicherheit) mit Schwerpunkt EDV-Grundlagen und Textverarbeitung",IBB Institut für Berufliche Bildung GmbH,kundencenter-kursnet@ibb.com,<p>Vorausgesetzt werden Deutschkenntnisse auf dem Niveau Deutsch B.2.</p><p>Allen Interessierten stehen wir in einem persönlichen Gespräch zur Abklärung ihrer individuellen Teilnahmevoraussetzungen zur Verfügung.</p>,bildungsanbieter,not sent,https://www.ibb.com/kurs-fuer-arbeitssuchende/ZU-K-4046-1?utm_source=Kursnet&utm_medium=Link_Kurs&utm_campaign=Kursnet&utm_term=ZU-K-4046-1
Vorbereitung auf eine IT-Umschulung - mit einem wesentlichen FIAE-Hauptfach,IBB Institut für Berufliche Bildung GmbH,kundencenter-kursnet@ibb.com,<p>Vorausgesetzt werden Deutschkenntnisse auf dem Niveau Deutsch B2 und Englisch B1.</p><p>Allen Interessierten stehen wir in einem persönlichen Gespräch zur Abklärung ihrer individuellen Teilnahmevoraussetzungen zur Verfügung.</p>,bildungsanbieter,not sent,https://www.ibb.com/kurs-fuer-arbeitssuchende/ZU-E-4006-1?utm_source=Kursnet&utm_medium=Link_Kurs&utm_campaign=Kursnet&utm_term=ZU-E-4006-1
Elektrogerätefachkraft,DON BOSCO SACHSEN,info@donbosco-sachsen.de,keine Angabe,bildungsanbieter,not sent,
Fachinformatiker Daten- und Prozessanalyse - Vorbereitung auf die IHK-Prüfung,COMCAVE.COLLEGE GmbH,anfrage@comcave.com,"<ul><li> Die Zulassung zur IHK-Abschlussprüfung muss vorliegen.</li><li> Deutsch in Wort und Schrift.</li><li> Persönliches Eignungsgespräch im Rahmen der Fachberatung.</li></ul><p>Ausnahmen sind in Absprache mit COMCAVE und dem jeweiligen Kostenträger, zum Beispiel der Agentur für Arbeit oder dem Jobcenter, möglich. Des Weiteren gelten die Zugangsvoraussetzungen des Kostenträgers.</p>",bildungsanbieter,not sent,https://www.comcave.de/weiterbildung/bewerbungstraining-vorbereitung/vorbereitungskurse/vorbereitung-ihk-pruefung-fachinformatiker-daten-prozessanalyse/?utm_campaign=weiterbildung&utm_source=kursnet
Sport- und Fitnesskaufmann - Vorbereitung auf die IHK-Prüfung,COMCAVE.COLLEGE GmbH,anfrage@comcave.com,"<ul><li> Die Zulassung zur IHK-Abschlussprüfung muss vorliegen.</li><li> Deutsch in Wort und Schrift.</li><li> Persönliches Eignungsgespräch im Rahmen der Fachberatung.</li></ul><p>Ausnahmen sind in Absprache mit COMCAVE und dem jeweiligen Kostenträger, zum Beispiel der Agentur für Arbeit oder dem Jobcenter, möglich. Des Weiteren gelten die Zugangsvoraussetzungen des Kostenträgers.</p>",bildungsanbieter,not sent,https://www.comcave.de/weiterbildung/bewerbungstraining-vorbereitung/vorbereitungskurse/vorbereitung-ihk-pruefung-sport-fitnesskauffrau-fitnesskaufmann/?utm_campaign=weiterbildung&utm_source=kursnet
Grundkompetenzen für den Beruf,faw Dessau,dessau@faw.de,<p>- ausreichendes Sprachniveau (mind. B1)<br/>- grundlegende Fähigkeiten in der Bedienung des PC</p>,bildungsanbieter,not sent,https://www.faw.de/kurs/eca-92535
"Kauffrau, Kaufmann für Groß- und Außenhandelsmanagement (Großhandel) - Vorbereitung auf die IHK-Prüfung",COMCAVE.COLLEGE GmbH,anfrage@comcave.com,"<ul><li> Die Zulassung zur IHK-Abschlussprüfung muss vorliegen.</li><li> Deutsch in Wort und Schrift.</li><li> Persönliches Eignungsgespräch im Rahmen der Fachberatung.</li></ul><p>Ausnahmen sind in Absprache mit COMCAVE und dem jeweiligen Kostenträger, zum Beispiel der Agentur für Arbeit oder dem Jobcenter, möglich. Des Weiteren gelten die Zugangsvoraussetzungen des Kostenträgers.</p>",bildungsanbieter,not sent,https://www.comcave.de/weiterbildung/bewerbungstraining-vorbereitung/vorbereitungskurse/vorbereitung-ihk-pruefung-kauffrau-kaufmann-gross-aussenhandelsmanagement-grosshandel/?utm_campaign=weiterbildung&utm_source=kursnet
"Kauffrau, Kaufmann für Spedition- und Logistikdienstleistung - Vorbereitung auf die IHK-Prüfung",COMCAVE.COLLEGE GmbH,anfrage@comcave.com,"<ul><li> Die Zulassung zur IHK-Abschlussprüfung muss vorliegen.</li><li> Deutsch in Wort und Schrift.</li><li> Persönliches Eignungsgespräch im Rahmen der Fachberatung.</li></ul><p>Ausnahmen sind in Absprache mit COMCAVE und dem jeweiligen Kostenträger, zum Beispiel der Agentur für Arbeit oder dem Jobcenter, möglich. Des Weiteren gelten die Zugangsvoraussetzungen des Kostenträgers.</p>",bildungsanbieter,not sent,https://www.comcave.de/weiterbildung/bewerbungstraining-vorbereitung/vorbereitungskurse/vorbereitung-ihk-pruefung-kauffrau-kaufmann-spedition-logistikdienstleistung/?utm_campaign=weiterbildung&utm_source=kursnet
"Kaufmann, Kauffrau für Marketingkommunikation - Vorbereitung auf die IHK-Prüfung",COMCAVE.COLLEGE GmbH,anfrage@comcave.com,"<ul><li> Die Zulassung zur IHK-Abschlussprüfung muss vorliegen.</li><li> Deutsch in Wort und Schrift.</li><li> Persönliches Eignungsgespräch im Rahmen der Fachberatung.</li></ul><p>Ausnahmen sind in Absprache mit COMCAVE und dem jeweiligen Kostenträger, zum Beispiel der Agentur für Arbeit oder dem Jobcenter, möglich. Des Weiteren gelten die Zugangsvoraussetzungen des Kostenträgers.</p>",bildungsanbieter,not sent,https://www.comcave.de/weiterbildung/bewerbungstraining-vorbereitung/vorbereitungskurse/vorbereitung-ihk-pruefung-kaufmann-kauffrau-marketingkommunikation/?utm_campaign=weiterbildung&utm_source=kursnet
BT - Berufliches Training,BTZ Chemnitz Berufliches Trainingszentrum - Einrichtung der BFW Leipzig gGmbH,info.chemnitz@bfw-leipzig.de,keine Angabe,bildungsanbieter,not sent,http://www.btz-chemnitz.de
"Kauffrau, Kaufmann für Groß- und Außenhandelsmanagement (Großhandel) - Vorbereitung auf die IHK-Prüfung",COMCAVE.COLLEGE GmbH,anfrage@comcave.com,"<ul><li> Die Zulassung zur IHK-Abschlussprüfung muss vorliegen.</li><li> Deutsch in Wort und Schrift.</li><li> Persönliches Eignungsgespräch im Rahmen der Fachberatung.</li></ul><p>Ausnahmen sind in Absprache mit COMCAVE und dem jeweiligen Kostenträger, zum Beispiel der Agentur für Arbeit oder dem Jobcenter, möglich. Des Weiteren gelten die Zugangsvoraussetzungen des Kostenträgers.</p>",bildungsanbieter,not sent,https://www.comcave.de/weiterbildung/bewerbungstraining-vorbereitung/vorbereitungskurse/vorbereitung-ihk-pruefung-kauffrau-kaufmann-gross-aussenhandelsmanagement-grosshandel/?utm_campaign=weiterbildung&utm_source=kursnet
"Betreuungskraft nach §§ 43b, 53b SGB XI mit Zusatzqualifikationen Ethik und Umgang mit psychischen Belastungen",IBB Institut für Berufliche Bildung GmbH,kundencenter-kursnet@ibb.com,"<p>Sie müssen sich in einem mindestens fünftägigen Praktikum VOR Beginn des Kurses erproben. Hier sollen Sie als Interessent herausfinden, ob Ihnen die Arbeit mit demenzerkrankten, körperlich beeinträchtigten oder geistig behinderten Menschen Freude bereitet. Gute sprachliche Verständigung in Deutsch sowie PC-Grundkenntnisse sollten Sie mitbringen.</p><br/><br/><p>Allen Interessierten stehen wir in einem persönlichen Gespräch zur Abklärung ihrer individuellen Teilnahmevoraussetzungen zur Verfügung.</p>",bildungsanbieter,not sent,https://www.ibb.com/kurs-fuer-arbeitssuchende/Z-P-2949-2?utm_source=Kursnet&utm_medium=Link_Kurs&utm_campaign=Kursnet&utm_term=Z-P-2949-2
"Alltagsbegleiter - Betreuungskraft nach § 43b, 53c SGB XI",COMCAVE.COLLEGE GmbH,anfrage@comcave.com,"<ul><li> Deutsch in Wort und Schrift.</li><li> Persönliches Eignungsgespräch im Rahmen der Fachberatung.</li></ul><p>Ausnahmen sind in Absprache mit COMCAVE und dem jeweiligen Kostenträger, zum Beispiel der Agentur für Arbeit oder dem Jobcenter, möglich. Des Weiteren gelten die Zugangsvoraussetzungen des Kostenträgers.</p>",bildungsanbieter,not sent,https://www.comcave.de/weiterbildung/alltagsbegleiter-betreuungskraft-43b-53c/?utm_campaign=weiterbildung&utm_source=kursnet
Vorbereitung auf eine digitale Umschulung,faw Dessau,dessau@faw.de,"<p>- Sicherer Umgang mit dem PC<br/>- Das Speichern und Verwalten von Dateien, sowie die Bedienung von Windowsfenstern muss bekannt sein<br/>- Deutsch in Wort und Schrift (mindestens B2) </p>",bildungsanbieter,not sent,https://www.faw.de/kurs/eca-92358
Erwerb von Grundkompetenzen,Lernstudio Barbarossa/MegaKids Fortbildungs GmbH,viona@lernstudio-barbarossa.de,<p>An der Maßnahme können Teilnehmer mit unterschiedlichen Zugangsvoraussetzungen teilnehmen. Bestimmte berufliche Vorkenntnisse oder Erfahrungen sind für die Teilnahme an der Maßnahme nicht erforderlich. <br/>Ausnahmeregelungen erfolgen in Abstimmung mit dem JC/der Arbeitsagentur oder der optierenden Kommune. Grundlegende Deutschsprachkenntnisse (Niveau A2 GER) werden vorausgesetzt.</p>,bildungsanbieter,not sent,https://www.lernstudio-barbarossa.de/weiterbildung/?utm_source=Kursnet&utm_campaign=Kursnet&utm_medium=Link_Kurs&utm_term=S-2370-6
"Kaufmann, Kauffrau für Büromanagement - Vorbereitung auf die IHK-Prüfung",COMCAVE.COLLEGE GmbH,anfrage@comcave.com,"<ul><li> Die Zulassung zur IHK-Abschlussprüfung muss vorliegen.</li><li> Deutsch in Wort und Schrift.</li><li> Persönliches Eignungsgespräch im Rahmen der Fachberatung.</li></ul><p>Ausnahmen sind in Absprache mit COMCAVE und dem jeweiligen Kostenträger, zum Beispiel der Agentur für Arbeit oder dem Jobcenter, möglich. Des Weiteren gelten die Zugangsvoraussetzungen des Kostenträgers.</p>",bildungsanbieter,not sent,https://www.comcave.de/weiterbildung/bewerbungstraining-vorbereitung/vorbereitungskurse/vorbereitung-ihk-pruefung-kaufmann-kauffrau-bueromanagement/?utm_campaign=weiterbildung&utm_source=kursnet
"Vorbereitung auf eine IT-Umschulung - mit Schwerpunkt auf den drei IT-Grundlagenfächern, für Quereinsteiger mit vorbereitendem Grundlagenmodul",IBB Institut für Berufliche Bildung GmbH,kundencenter-kursnet@ibb.com,<p>Vorausgesetzt werden Deutschkenntnisse auf dem Niveau Deutsch B2 und Englisch B1.</p><p>Allen Interessierten stehen wir in einem persönlichen Gespräch zur Abklärung ihrer individuellen Teilnahmevoraussetzungen zur Verfügung.</p>,bildungsanbieter,not sent,https://www.ibb.com/kurs-fuer-arbeitssuchende/ZU-E-4003-2?utm_source=Kursnet&utm_medium=Link_Kurs&utm_campaign=Kursnet&utm_term=ZU-E-4003-2
"Seniorenbetreuer:in - Aufbaukurs für Betreuungskraft nach §§ 43b, 53b SGB XI",Bildungswerk der nordhessischen Wirtschaft gemeinnützige GmbH,online-akademie@bwnw.de,"<p>Dieses Modul setzt eine abgeschlossene Weiterbildung als Betreuungskraft gemäß§§ 43b, 53b SGB XI voraus.</p>",bildungsanbieter,not sent,https://www.bwnw.de/fuer-menschen/arbeitsuchende/online-weiterbildungsangebote/?utm_source=Kursnet&utm_campaign=Kursnet&utm_medium=Link_Kurs&utm_term=P-3904-2#/kurs-fuer-arbeitssuchende/P-3904-2
"Seniorenbetreuer:in - Aufbaukurs für Betreuungskraft nach §§ 43b, 53b SGB XI",Lernstudio Barbarossa/MegaKids Fortbildungs GmbH,viona@lernstudio-barbarossa.de,"<p>Dieses Modul setzt eine abgeschlossene Weiterbildung als Betreuungskraft gemäß§§ 43b, 53b SGB XI voraus.</p>",bildungsanbieter,not sent,https://www.lernstudio-barbarossa.de/weiterbildung/?utm_source=Kursnet&utm_campaign=Kursnet&utm_medium=Link_Kurs&utm_term=P-3904-2
Immobilienkaufmann - Vorbereitung auf die IHK-Prüfung,COMCAVE.COLLEGE GmbH,anfrage@comcave.com,"<ul><li> Die Zulassung zur IHK-Abschlussprüfung muss vorliegen.</li><li> Deutsch in Wort und Schrift.</li><li> Persönliches Eignungsgespräch im Rahmen der Fachberatung.</li></ul><p>Ausnahmen sind in Absprache mit COMCAVE und dem jeweiligen Kostenträger, zum Beispiel der Agentur für Arbeit oder dem Jobcenter, möglich. Des Weiteren gelten die Zugangsvoraussetzungen des Kostenträgers.</p>",bildungsanbieter,not sent,https://www.comcave.de/weiterbildung/bewerbungstraining-vorbereitung/vorbereitungskurse/vorbereitung-ihk-pruefung-immobilienkaufmann-immobilienkauffrau/?utm_campaign=weiterbildung&utm_source=kursnet
"Vorbereitung auf eine Umschulung (kaufmännisch, Lagerlogistik, Schutz und Sicherheit) mit Sprachfestigung auf Englisch A2/ B1-Niveau und Einführung in die Buchführung",Lernstudio Barbarossa/MegaKids Fortbildungs GmbH,viona@lernstudio-barbarossa.de,<p>Vorausgesetzt werden Deutschkenntnisse auf dem Sprachniveau B1.1. sowie gute Kenntnisse im Umgang mit dem PC und MS Office.</p>,bildungsanbieter,not sent,https://www.lernstudio-barbarossa.de/weiterbildung/?utm_source=Kursnet&utm_campaign=Kursnet&utm_medium=Link_Kurs&utm_term=ZU-K-4041-1
"Kaufmann, Kauffrau für Büromanagement - Vorbereitung auf die IHK-Prüfung",COMCAVE.COLLEGE GmbH,anfrage@comcave.com,"<ul><li> Die Zulassung zur IHK-Abschlussprüfung muss vorliegen.</li><li> Deutsch in Wort und Schrift.</li><li> Persönliches Eignungsgespräch im Rahmen der Fachberatung.</li></ul><p>Ausnahmen sind in Absprache mit COMCAVE und dem jeweiligen Kostenträger, zum Beispiel der Agentur für Arbeit oder dem Jobcenter, möglich. Des Weiteren gelten die Zugangsvoraussetzungen des Kostenträgers.</p>",bildungsanbieter,not sent,https://www.comcave.de/weiterbildung/bewerbungstraining-vorbereitung/vorbereitungskurse/vorbereitung-ihk-pruefung-kaufmann-kauffrau-bueromanagement/?utm_campaign=weiterbildung&utm_source=kursnet
Vorbereitungskurs kaufmännische / betriebswirtschaftliche Umschulung,COMCAVE.COLLEGE GmbH,anfrage@comcave.com,"<ul><li> Mindestens Hauptschulabschluss oder vergleichbaren Schulabschluss.</li><li> Interesse für den kaufmännichen Bereich.</li><li> Deutsch in Wort und Schrift.</li><li> Grundlegende PC-Kenntnisse.</li><li> Ein internes Auswahlverfahren im Rahmen eines Fachgespräches ist mit ""gut geeignet"" zu bestehen.</li></ul><p>Des Weiteren gelten die Zugangsvoraussetzungen des Kostenträgers, Ausnahmen sind in Absprache mit dem COMCAVE.COLLEGE® und dem Kostenträger möglich.<br/>Die beruflichen und schulischen Zugangsvoraussetzungen werden anhand von Lebenslauf, Zeugnissen und Zertifikaten, bzw. einer Eignungsfeststellung im Rahmen eines ausführlichen persönlichen Fachgespräches geprüft.</p>",bildungsanbieter,not sent,https://www.comcave.de/weiterbildung/bewerbungstraining-vorbereitung/vorbereitung-kaufmaennische-umschulung/?utm_campaign=weiterbildung&utm_source=kursnet
"Alltagsbegleiter - Betreuungskraft nach § 43b, 53c SGB XI",COMCAVE.COLLEGE GmbH,anfrage@comcave.com,"<ul><li> Deutsch in Wort und Schrift.</li><li> Persönliches Eignungsgespräch im Rahmen der Fachberatung.</li></ul><p>Ausnahmen sind in Absprache mit COMCAVE und dem jeweiligen Kostenträger, zum Beispiel der Agentur für Arbeit oder dem Jobcenter, möglich. Des Weiteren gelten die Zugangsvoraussetzungen des Kostenträgers.</p>",bildungsanbieter,not sent,https://www.comcave.de/weiterbildung/alltagsbegleiter-betreuungskraft-43b-53c/?utm_campaign=weiterbildung&utm_source=kursnet
Schwesternhelfer / Pflegehelfer zum Betreuungsassistent mit eingeschränkter Alltagskompetenz nach §53b SGB XI,TERTIA Berufsförderung GmbH & Co. KG,schnittstelle@tertia.de,keine Angabe,bildungsanbieter,not sent,https://www.tertia.de/tobi_betreuungsassistentin/
Erwerb von Grundkompetenzen - IT-Kompetenz (Microsoft Word - Textverarbeitung und Microsoft PowerPoint - Präsentationen),Lernstudio Barbarossa/MegaKids Fortbildungs GmbH,viona@lernstudio-barbarossa.de,"<p>Bestimmte berufliche Vorkenntnisse oder Erfahrungen sind für eine Teilnahme nicht erforderlich. Um unser Angebot individuell auf Ihre Bedürfnisse zuschneiden zu können, führen wir mit Ihnen vorab ein persönliches Beratungsgespräch. Ausnahmeregelungen erfolgen in Abstimmung mit dem Jobcenter bzw. der Arbeitsagentur oder der optierenden Kommune.</p>",bildungsanbieter,not sent,https://www.lernstudio-barbarossa.de/weiterbildung/?utm_source=Kursnet&utm_campaign=Kursnet&utm_medium=Link_Kurs&utm_term=S-2368-J-5
Vermittlung digitaler Grundkenntnisse,Akademie Überlingen,kursnet-management@a-ue.de,<ul><li>Kenntnisse in Deutsch in Wort und Schrift</li><li>Motivation zum Erwerb oder der Auffrischung digitaler Grundkompetenzen</li><li>Voraussetzungen zur Begründung der Durchführung in Teilzeit</li></ul>,bildungsanbieter,not sent,https://akademie-ueberlingen.de/kurs-basisdaten/vermittlung-digitaler-grundkenntnisse/?mtm_campaign=Kursnet&mtm_kwd=VDK
Vorbereitungskurs auf eine medieninformationstechnische Umschulung,COMCAVE.COLLEGE GmbH,anfrage@comcave.com,"<ul><li> Mindestens Hauptschulabschluss oder vergleichbaren Schulabschluss.</li><li> Interesse für den IT oder medieninformationstechnischen Bereich.</li><li> Deutsch in Wort und Schrift.</li><li> Grundlegende PC-Kenntnisse.</li><li> Ein internes Auswahlverfahren im Rahmen eines Fachgespräches ist mit ""gut geeignet"" zu bestehen.</li></ul><p>Des Weiteren gelten die Zugangsvoraussetzungen des Kostenträgers, Ausnahmen sind in Absprache mit dem COMCAVE.COLLEGE® und dem Kostenträger möglich.<br/>Die beruflichen und schulischen Zugangsvoraussetzungen werden anhand von Lebenslauf, Zeugnissen und Zertifikaten, bzw. einer Eignungsfeststellung im Rahmen eines ausführlichen persönlichen Fachgespräches geprüft.</p>",bildungsanbieter,not sent,https://www.comcave.de/weiterbildung/bewerbungstraining-vorbereitung/vorbereitung-umschulung-weiterbildung-it-bereich/?utm_campaign=weiterbildung&utm_source=kursnet
Veranstaltungskaufmann - Vorbereitung auf die IHK-Prüfung,COMCAVE.COLLEGE GmbH,anfrage@comcave.com,"<ul><li> Die Zulassung zur IHK-Abschlussprüfung muss vorliegen.</li><li> Deutsch in Wort und Schrift.</li><li> Persönliches Eignungsgespräch im Rahmen der Fachberatung.</li></ul><p>Ausnahmen sind in Absprache mit COMCAVE und dem jeweiligen Kostenträger, zum Beispiel der Agentur für Arbeit oder dem Jobcenter, möglich. Des Weiteren gelten die Zugangsvoraussetzungen des Kostenträgers.</p>",bildungsanbieter,not sent,https://www.comcave.de/weiterbildung/bewerbungstraining-vorbereitung/vorbereitungskurse/vorbereitung-auf-ihk-pruefung-veranstaltungskauffrau-veranstaltungskaufmann/?utm_campaign=weiterbildung&utm_source=kursnet
"Kauffrau, Kaufmann E-Commerce - Vorbereitung auf die IHK-Prüfung",COMCAVE.COLLEGE GmbH,anfrage@comcave.com,"<ul><li> Die Zulassung zur IHK-Abschlussprüfung muss vorliegen.</li><li> Deutsch in Wort und Schrift.</li><li> Persönliches Eignungsgespräch im Rahmen der Fachberatung.</li></ul><p>Ausnahmen sind in Absprache mit COMCAVE und dem jeweiligen Kostenträger, zum Beispiel der Agentur für Arbeit oder dem Jobcenter, möglich. Des Weiteren gelten die Zugangsvoraussetzungen des Kostenträgers.</p>",bildungsanbieter,not sent,https://www.comcave.de/weiterbildung/bewerbungstraining-vorbereitung/vorbereitungskurse/vorbereitung-ihk-pruefung-kaufmann-kauffrau-ecommerce/?utm_campaign=weiterbildung&utm_source=kursnet
Vorbereitung auf eine Mediengestalter-Umschulung - Schwerpunkt: Tools in der Mediengestaltung - Kompakt,IBB Institut für Berufliche Bildung GmbH,kundencenter-kursnet@ibb.com,"<p>Besondere Teilnahmevoraussetzungen sind nicht nötig, da die konkreten Inhalte und Schwerpunkte individuell auf jeden Teilnehmer, seinen Bedarf und seine Vorkenntnisse abgestimmt werden.</p><p>Allen Interessierten stehen wir in einem persönlichen Gespräch zur Abklärung ihrer individuellen Teilnahmevoraussetzungen zur Verfügung.</p>",bildungsanbieter,not sent,https://www.ibb.com/kurs-fuer-arbeitssuchende/ZU-X-4411-1?utm_source=Kursnet&utm_medium=Link_Kurs&utm_campaign=Kursnet&utm_term=ZU-X-4411-1
"Kauffrau, Kaufmann für Groß- und Außenhandelsmanagement (Großhandel) - Vorbereitung auf die IHK-Prüfung",COMCAVE.COLLEGE GmbH,anfrage@comcave.com,"<ul><li> Die Zulassung zur IHK-Abschlussprüfung muss vorliegen.</li><li> Deutsch in Wort und Schrift.</li><li> Persönliches Eignungsgespräch im Rahmen der Fachberatung.</li></ul><p>Ausnahmen sind in Absprache mit COMCAVE und dem jeweiligen Kostenträger, zum Beispiel der Agentur für Arbeit oder dem Jobcenter, möglich. Des Weiteren gelten die Zugangsvoraussetzungen des Kostenträgers.</p>",bildungsanbieter,not sent,https://www.comcave.de/weiterbildung/bewerbungstraining-vorbereitung/vorbereitungskurse/vorbereitung-ihk-pruefung-kauffrau-kaufmann-gross-aussenhandelsmanagement-grosshandel/?utm_campaign=weiterbildung&utm_source=kursnet
"Kauffrau, Kaufmann für IT System Management - Vorbereitung auf die IHK Prüfung",COMCAVE.COLLEGE GmbH,anfrage@comcave.com,"<ul><li> Die Zulassung zur IHK-Abschlussprüfung muss vorliegen.</li><li> Deutsch in Wort und Schrift.</li><li> Persönliches Eignungsgespräch im Rahmen der Fachberatung.</li></ul><p>Ausnahmen sind in Absprache mit COMCAVE und dem jeweiligen Kostenträger, zum Beispiel der Agentur für Arbeit oder dem Jobcenter, möglich. Des Weiteren gelten die Zugangsvoraussetzungen des Kostenträgers.</p>",bildungsanbieter,not sent,https://www.comcave.de/weiterbildung/bewerbungstraining-vorbereitung/vorbereitungskurse/vorbereitung-ihk-pruefung-kauffrau-kaufmann-it-system-management/?utm_campaign=weiterbildung&utm_source=kursnet
"Kaufmann, Kauffrau für Büromanagement - Vorbereitung auf die IHK-Prüfung",COMCAVE.COLLEGE GmbH,anfrage@comcave.com,"<ul><li> Die Zulassung zur IHK-Abschlussprüfung muss vorliegen.</li><li> Deutsch in Wort und Schrift.</li><li> Persönliches Eignungsgespräch im Rahmen der Fachberatung.</li></ul><p>Ausnahmen sind in Absprache mit COMCAVE und dem jeweiligen Kostenträger, zum Beispiel der Agentur für Arbeit oder dem Jobcenter, möglich. Des Weiteren gelten die Zugangsvoraussetzungen des Kostenträgers.</p>",bildungsanbieter,not sent,https://www.comcave.de/weiterbildung/bewerbungstraining-vorbereitung/vorbereitungskurse/vorbereitung-ihk-pruefung-kaufmann-kauffrau-bueromanagement/?utm_campaign=weiterbildung&utm_source=kursnet
Erwerb von Grundkompetenzen - IT-Kompetenz (Microsoft Word - Textverarbeitung und Microsoft PowerPoint - Präsentationen),TERTIA Berufsförderung GmbH & Co. KG,info@tertia.de,"<p>Bestimmte berufliche Vorkenntnisse oder Erfahrungen sind für eine Teilnahme nicht erforderlich. Um unser Angebot individuell auf Ihre Bedürfnisse zuschneiden zu können, führen wir mit Ihnen vorab ein persönliches Beratungsgespräch. Ausnahmeregelungen erfolgen in Abstimmung mit dem Jobcenter bzw. der Arbeitsagentur oder der optierenden Kommune.</p>",bildungsanbieter,not sent,https://www.viona.online/kursdetail/s-2368-j?utm_source=Kursnet&utm_campaign=Kursnet&utm_medium=Link_Kurs&utm_term=S-2368-J-5_TERTIA
Erwerb von Grundkompetenzen - IT-Kompetenz (PC - Computer Grundlagen und Microsoft Word - Textverarbeitung),IBB Institut für Berufliche Bildung GmbH,kundencenter-kursnet@ibb.com,"<p>Bestimmte berufliche Vorkenntnisse oder Erfahrungen sind für eine Teilnahme nicht erforderlich. Um unser Angebot individuell auf Ihre Bedürfnisse zuschneiden zu können, führen wir mit Ihnen vorab ein persönliches Beratungsgespräch. Ausnahmeregelungen erfolgen in Abstimmung mit dem Jobcenter bzw. der Arbeitsagentur oder der optierenden Kommune.</p><p>Allen Interessierten stehen wir in einem persönlichen Gespräch zur Abklärung ihrer individuellen Teilnahmevoraussetzungen zur Verfügung.</p>",bildungsanbieter,not sent,https://www.ibb.com/kurs-fuer-arbeitssuchende/S-2368-K-6?utm_source=Kursnet&utm_medium=Link_Kurs&utm_campaign=Kursnet&utm_term=S-2368-K-6
Immobilienkaufmann - Vorbereitung auf die IHK-Prüfung,COMCAVE.COLLEGE GmbH,anfrage@comcave.com,"<ul><li> Die Zulassung zur IHK-Abschlussprüfung muss vorliegen.</li><li> Deutsch in Wort und Schrift.</li><li> Persönliches Eignungsgespräch im Rahmen der Fachberatung.</li></ul><p>Ausnahmen sind in Absprache mit COMCAVE und dem jeweiligen Kostenträger, zum Beispiel der Agentur für Arbeit oder dem Jobcenter, möglich. Des Weiteren gelten die Zugangsvoraussetzungen des Kostenträgers.</p>",bildungsanbieter,not sent,https://www.comcave.de/weiterbildung/bewerbungstraining-vorbereitung/vorbereitungskurse/vorbereitung-ihk-pruefung-immobilienkaufmann-immobilienkauffrau/?utm_campaign=weiterbildung&utm_source=kursnet
Wirtschaftsgymnasium - Profil Wirtschaft (WGW) (Allgemeine Hochschulreife und berufliche Grundqualifikation),Kaufmännische Schulen 1,info@ks1-vs.de,"<ul><li>Realschulabschluss mit einem Mindestdurchschnitt aus den Fächern Deutsch, Englisch, Mathematik von 3,0 (Kein Fach darf schlechter als 4,0 sein.)</li><li>Versetzung nach Klasse 11 bzw. beim G8: Versetzung nach Klasse 10 (für Gymnasiasten/Gymnasiastinnen)</li></ul>",bildungsanbieter,not sent,https://www.ks1-vs.de/index.php?id=27
Digitaler Führerschein 4.0 - digitale Grundkompetenzen,faw Cottbus,cottbus@faw.de,"<p>- wenig Erfahrung mit Computer, Internet oder neuen Medien<br/>- niederschwelliger Einstieg in digitale Themen<br/>- mind. Sprachniveau B1<br/>- keine Berufserfahrung notwendig</p>",bildungsanbieter,not sent,https://www.faw.de/kurs/eca-2092751
"Vorbereitung auf eine IT-Umschulung - mit Schwerpunkt auf den drei IT-Grundlagenfächern, für Quereinsteiger mit vorbereitendem Grundlagenmodul",Lernstudio Barbarossa/MegaKids Fortbildungs GmbH,viona@lernstudio-barbarossa.de,<p>Vorausgesetzt werden Deutschkenntnisse auf dem Niveau Deutsch B2 und Englisch B1.</p>,bildungsanbieter,not sent,https://www.lernstudio-barbarossa.de/weiterbildung/?utm_source=Kursnet&utm_campaign=Kursnet&utm_medium=Link_Kurs&utm_term=ZU-E-4003-2
Zerspanungsmechaniker(in),Berufsbildungswerk Bezirk Mittelfranken Hören Sprache Lernen,rehabuero.bbw-nbg@bezirk-mittelfranken.de,"<p>Ausbildungsfähigkeit, Hauptschulabschluss, QA erwünscht</p>",bildungsanbieter,not sent,http://www.bbw-mittelfranken.de
"Seniorenbetreuer:in - Aufbaukurs für Betreuungskraft nach §§ 43b, 53b SGB XI",Fortbildungsakademie der Wirtschaft (FAW) gGmbH,beratung@online-weiterbilden.com,"<p>Dieses Modul setzt eine abgeschlossene Weiterbildung als Betreuungskraft gemäß§§ 43b, 53b SGB XI voraus.</p>",bildungsanbieter,not sent,https://www.faw.de/r/ibb?utm_source=Kursnet&utm_campaign=Kursnet&utm_medium=Link_Kurs&utm_term=P-3904-2
"Vorbereitung auf eine Umschulung (kaufmännisch, Lagerlogistik, Schutz und Sicherheit) mit Sprachfestigung auf Englisch A2/ B1-Niveau und Einführung in die Buchführung",Do IT Digital GmbH,info@doit-digital.com,<p>Vorausgesetzt werden Deutschkenntnisse auf dem Sprachniveau B1.1. sowie gute Kenntnisse im Umgang mit dem PC und MS Office.</p>,bildungsanbieter,not sent,https://doit-digital.com/kursliste/?utm_source=Kursnet&utm_campaign=Kursnet&utm_medium=Link_Kurs&utm_term=ZU-K-4041-1#/kurs-fuer-arbeitssuchende/ZU-K-4041-1
Stark Starten!,Stiftung Grone-Schule Online Akademie,,keine Angabe,bildungsanbieter,not sent,https://www.grone-online-akademie.de/weiterbildung/sprache-und-kommunikation/
Ausbildung Kaufmann/frau für Büromanagement,PLAN B gGmbH,info@gesundheit-planb.de,<p>Keine Voraussetzungen erforderlich</p>,bildungsanbieter,not sent,
Erwerb von Grundkompetenzen - IT-Kompetenz (PC - Computer Grundlagen und Microsoft Word - Textverarbeitung),IBB Institut für Berufliche Bildung GmbH,kundencenter-kursnet@ibb.com,"<p>Bestimmte berufliche Vorkenntnisse oder Erfahrungen sind für eine Teilnahme nicht erforderlich. Um unser Angebot individuell auf Ihre Bedürfnisse zuschneiden zu können, führen wir mit Ihnen vorab ein persönliches Beratungsgespräch. Ausnahmeregelungen erfolgen in Abstimmung mit dem Jobcenter bzw. der Arbeitsagentur oder der optierenden Kommune.</p><p>Allen Interessierten stehen wir in einem persönlichen Gespräch zur Abklärung ihrer individuellen Teilnahmevoraussetzungen zur Verfügung.</p>",bildungsanbieter,not sent,https://www.ibb.com/kurs-fuer-arbeitssuchende/S-2368-K-6?utm_source=Kursnet&utm_medium=Link_Kurs&utm_campaign=Kursnet&utm_term=S-2368-K-6
"Vorbereitung auf eine Umschulung (kaufmännisch, Lagerlogistik, Schutz und Sicherheit) mit Schwerpunkt EDV",IBB Institut für Berufliche Bildung GmbH,kundencenter-kursnet@ibb.com,<p>Vorausgesetzt werden Deutschkenntnisse auf dem Niveau Deutsch B2.</p><p>Allen Interessierten stehen wir in einem persönlichen Gespräch zur Abklärung ihrer individuellen Teilnahmevoraussetzungen zur Verfügung.</p>,bildungsanbieter,not sent,https://www.ibb.com/kurs-fuer-arbeitssuchende/ZU-K-4043-1?utm_source=Kursnet&utm_medium=Link_Kurs&utm_campaign=Kursnet&utm_term=ZU-K-4043-1
Vorbereitungskurs auf eine medieninformationstechnische Umschulung,COMCAVE.COLLEGE GmbH,anfrage@comcave.com,"<ul><li> Mindestens Hauptschulabschluss oder vergleichbaren Schulabschluss.</li><li> Interesse für den IT oder medieninformationstechnischen Bereich.</li><li> Deutsch in Wort und Schrift.</li><li> Grundlegende PC-Kenntnisse.</li><li> Ein internes Auswahlverfahren im Rahmen eines Fachgespräches ist mit ""gut geeignet"" zu bestehen.</li></ul><p>Des Weiteren gelten die Zugangsvoraussetzungen des Kostenträgers, Ausnahmen sind in Absprache mit dem COMCAVE.COLLEGE® und dem Kostenträger möglich.<br/>Die beruflichen und schulischen Zugangsvoraussetzungen werden anhand von Lebenslauf, Zeugnissen und Zertifikaten, bzw. einer Eignungsfeststellung im Rahmen eines ausführlichen persönlichen Fachgespräches geprüft.</p>",bildungsanbieter,not sent,https://www.comcave.de/weiterbildung/bewerbungstraining-vorbereitung/vorbereitung-umschulung-weiterbildung-it-bereich/?utm_campaign=weiterbildung&utm_source=kursnet
Vorbereitung auf eine IT-Umschulung - Intensiver Grundlagenaufbau und Vorbereitung der IT-Grundlagenfächer,IBB Institut für Berufliche Bildung GmbH,kundencenter-kursnet@ibb.com,<p>Vorausgesetzt werden Deutschkenntnisse auf dem Niveau Deutsch B2 und Englisch B1.</p><p>Allen Interessierten stehen wir in einem persönlichen Gespräch zur Abklärung ihrer individuellen Teilnahmevoraussetzungen zur Verfügung.</p>,bildungsanbieter,not sent,https://www.ibb.com/kurs-fuer-arbeitssuchende/ZU-E-4002-2?utm_source=Kursnet&utm_medium=Link_Kurs&utm_campaign=Kursnet&utm_term=ZU-E-4002-2
Vorbereitung auf eine Mediengestalter-Umschulung - Schwerpunkt: Tools in der Mediengestaltung - Kompakt,IBB Institut für Berufliche Bildung GmbH,kundencenter-kursnet@ibb.com,"<p>Besondere Teilnahmevoraussetzungen sind nicht nötig, da die konkreten Inhalte und Schwerpunkte individuell auf jeden Teilnehmer, seinen Bedarf und seine Vorkenntnisse abgestimmt werden.</p><p>Allen Interessierten stehen wir in einem persönlichen Gespräch zur Abklärung ihrer individuellen Teilnahmevoraussetzungen zur Verfügung.</p>",bildungsanbieter,not sent,https://www.ibb.com/kurs-fuer-arbeitssuchende/ZU-X-4411-1?utm_source=Kursnet&utm_medium=Link_Kurs&utm_campaign=Kursnet&utm_term=ZU-X-4411-1
Veranstaltungskaufmann - Vorbereitung auf die IHK-Prüfung,COMCAVE.COLLEGE GmbH,anfrage@comcave.com,"<ul><li> Die Zulassung zur IHK-Abschlussprüfung muss vorliegen.</li><li> Deutsch in Wort und Schrift.</li><li> Persönliches Eignungsgespräch im Rahmen der Fachberatung.</li></ul><p>Ausnahmen sind in Absprache mit COMCAVE und dem jeweiligen Kostenträger, zum Beispiel der Agentur für Arbeit oder dem Jobcenter, möglich. Des Weiteren gelten die Zugangsvoraussetzungen des Kostenträgers.</p>",bildungsanbieter,not sent,https://www.comcave.de/weiterbildung/bewerbungstraining-vorbereitung/vorbereitungskurse/vorbereitung-auf-ihk-pruefung-veranstaltungskauffrau-veranstaltungskaufmann/?utm_campaign=weiterbildung&utm_source=kursnet
"Mediengestalter Digital und Print - Vorbereitung auf die IHK-Prüfung, Fachrichtung Digitalmedien",COMCAVE.COLLEGE GmbH,anfrage@comcave.com,"<ul><li> Die Zulassung zur IHK-Abschlussprüfung muss vorliegen.</li><li> Deutsch in Wort und Schrift.</li><li> Persönliches Eignungsgespräch im Rahmen der Fachberatung.</li></ul><p>Ausnahmen sind in Absprache mit COMCAVE und dem jeweiligen Kostenträger, zum Beispiel der Agentur für Arbeit oder dem Jobcenter, möglich. Des Weiteren gelten die Zugangsvoraussetzungen des Kostenträgers.</p>",bildungsanbieter,not sent,https://www.comcave.de/weiterbildung/bewerbungstraining-vorbereitung/vorbereitungskurse/vorbereitung-ihk-pruefung-mediengestalter-digitalmedien/?utm_campaign=weiterbildung&utm_source=kursnet
Veranstaltungskaufmann - Vorbereitung auf die IHK-Prüfung,COMCAVE.COLLEGE GmbH,anfrage@comcave.com,"<ul><li> Die Zulassung zur IHK-Abschlussprüfung muss vorliegen.</li><li> Deutsch in Wort und Schrift.</li><li> Persönliches Eignungsgespräch im Rahmen der Fachberatung.</li></ul><p>Ausnahmen sind in Absprache mit COMCAVE und dem jeweiligen Kostenträger, zum Beispiel der Agentur für Arbeit oder dem Jobcenter, möglich. Des Weiteren gelten die Zugangsvoraussetzungen des Kostenträgers.</p>",bildungsanbieter,not sent,https://www.comcave.de/weiterbildung/bewerbungstraining-vorbereitung/vorbereitungskurse/vorbereitung-auf-ihk-pruefung-veranstaltungskauffrau-veranstaltungskaufmann/?utm_campaign=weiterbildung&utm_source=kursnet
Erwerb von Grundkompetenzen - Grundwissen Mathematik (Anwendung von Zahlen & Zins- und Prozentrechnung),Lernstudio Barbarossa/MegaKids Fortbildungs GmbH,viona@lernstudio-barbarossa.de,<p>An der Maßnahme können Teilnehmer mit unterschiedlichen Zugangsvoraussetzungen teilnehmen. Bestimmte berufliche Vorkenntnisse oder Erfahrungen sind für die Teilnahme an der Maßnahme nicht erforderlich. <br/>Ausnahmeregelungen erfolgen in Abstimmung mit dem JC/der Arbeitsagentur oder der optierenden Kommune. Grundlegende Deutschsprachkenntnisse (Niveau A2 GER) werden vorausgesetzt.</p>,bildungsanbieter,not sent,https://www.lernstudio-barbarossa.de/weiterbildung/?utm_source=Kursnet&utm_campaign=Kursnet&utm_medium=Link_Kurs&utm_term=S-2368-D-6
Vorbereitungskurs auf eine medieninformationstechnische Umschulung inkl. Eignungsfeststellung,COMCAVE.COLLEGE GmbH,anfrage@comcave.com,"<ul><li> Deutsch in Wort und Schrift.</li><li> Persönliches Eignungsgespräch im Rahmen der Fachberatung.</li></ul><p>Ausnahmen sind in Absprache mit COMCAVE und dem jeweiligen Kostenträger, zum Beispiel der Agentur für Arbeit oder dem Jobcenter, möglich. Des Weiteren gelten die Zugangsvoraussetzungen des Kostenträgers.</p>",bildungsanbieter,not sent,https://www.comcave.de/weiterbildung/bewerbungstraining-vorbereitung/vorbereitungskurse/vorbereitung-medieninformationstechnische-umschulung-eignungsfeststellung/?utm_campaign=weiterbildung&utm_source=kursnet
"Prüfungsvorbereitung Kaufmann/-frau für Groß- und Außenhandelsmanagement, Fachrichtung Großhandel (IHK)",cpi consulting + training GmbH,anfrage@cpi.de,"<ul><li> Abgeschlossene Ausbildung oder ein Studium bzw. ein abgebrochenes Hochschulstudium oder ausreichende Berufserfahrung.</li><li> Sichere Deutschkenntnisse in Wort und Schrift.</li><li> Grundkenntnisse in Englisch und EDV sind von Vorteil.</li><li> Ein internes Auswahlverfahren in Form eines Fachgesprächs ist mit dem Ergebnis ""gut geeignet"" zu bestehen.</li></ul><p>Darüber hinaus gelten die Zugangsvoraussetzungen des Kostenträgers. Ausnahmen können in Absprache mit der cpi consulting + training GmbH und dem Kostenträger vereinbart werden.<br/>Die beruflichen und schulischen Zugangsvoraussetzungen werden anhand des Lebenslaufs, vorgelegter Zeugnisse und Zertifikate oder durch eine Eignungsfeststellung im Rahmen eines ausführlichen Fachgesprächs überprüft.</p>",bildungsanbieter,not sent,https://www.cpi.de/vertrieb-beschaffung/pruefungsvorbereitung-kaufmann-kauffrau-gross-und-aussenhandelsmanagement-fachrichtung-grosshandel-ihk/?utm_campaign=weiterbildung&utm_source=kursnet
"Vorbereitung auf eine Umschulung (kaufmännisch, Lagerlogistik, Schutz und Sicherheit) mit Schwerpunkt EDV-Grundlagen und Textverarbeitung",IBB Institut für Berufliche Bildung GmbH,kundencenter-kursnet@ibb.com,<p>Vorausgesetzt werden Deutschkenntnisse auf dem Niveau Deutsch B.2.</p><p>Allen Interessierten stehen wir in einem persönlichen Gespräch zur Abklärung ihrer individuellen Teilnahmevoraussetzungen zur Verfügung.</p>,bildungsanbieter,not sent,https://www.ibb.com/kurs-fuer-arbeitssuchende/ZU-K-4046-1?utm_source=Kursnet&utm_medium=Link_Kurs&utm_campaign=Kursnet&utm_term=ZU-K-4046-1
Fachinformatiker Anwendungsentwicklung - Vorbereitung auf die IHK-Prüfung,COMCAVE.COLLEGE GmbH,anfrage@comcave.com,"<ul><li> Die Zulassung zur IHK-Abschlussprüfung muss vorliegen.</li><li> Deutsch in Wort und Schrift.</li><li> Persönliches Eignungsgespräch im Rahmen der Fachberatung.</li></ul><p>Ausnahmen sind in Absprache mit COMCAVE und dem jeweiligen Kostenträger, zum Beispiel der Agentur für Arbeit oder dem Jobcenter, möglich. Des Weiteren gelten die Zugangsvoraussetzungen des Kostenträgers.</p>",bildungsanbieter,not sent,https://www.comcave.de/weiterbildung/bewerbungstraining-vorbereitung/vorbereitungskurse/vorbereitung-ihk-pruefung-fachinformatiker-anwendungsentwicklung/?utm_campaign=weiterbildung&utm_source=kursnet
Nachprüfungsvorbereitung der Umschulung Personaldienstleistungskaufmann/-frau,WBS TRAINING SE,info@wbstraining.de,<p>Die Zulassungsvoraussetzungen für die Abschlussprüfung müssen erfüllt sein (z. B. durch Absolvieren des Praktikums und Lerninhalte der AO).</p>,bildungsanbieter,not sent,https://www.wbstraining.de/kn/nachpruefung-umschulung-personaldienstleistung/
Grundkompetenzen plus,SBH Nordost GmbH,jobvia@sbh-nordost.de,keine Angabe,bildungsanbieter,not sent,
Diätassistent/in,Akademie für Gesundheitsberufe,akademie@muehlenkreiskliniken.de,"<p>Voraussetzungen:<br/>- mittlerer Schulabschluss (FOR) oder<br/>- Hauptschulabschluss nach Kl. 10 / Erweiterter Erster Schulabschluss<br/>oder<br/>- Hauptschulabschluss / Erster Schulabschluss und abgeschlossene mindestens zweijährige Berufsausbildung<br/>- gesundheitliche Eignung</p><br/><p>Neben einem guten Realschulabschluss oder Abitur wünschen wir uns von unseren zukünftigen Auszubildenden: Kreativität, Teamgeist, Zuverlässigkeit und Verantwortungsbewusstsein, Gesundheitsbewusstsein, Freude im Umgang mit Menschen, sowie Spaß und manuelles Geschick bei der Nahrungszubereitung.</p><p>Wir empfehlen vor Beginn der Ausbildung ein Großküchenpraktikum, zum Beispiel in einer Klinik, Rehaeinrichtung o. ä. zu absolvieren, um einen Einblick in die Arbeit einer Großküche zu erlangen und insb. verschiedene Tätigkeitsbereiche von Diätassistenten/innen kennen zu lernen.</p>",bildungsanbieter,not sent,https://www.muehlenkreiskliniken.de/akademie
Hauswirtschafter(in),Berufliches Trainingszentrum Rhein-Neckar gGmbH,info@btz.srh.de,keine Angabe,bildungsanbieter,not sent,
Vorbereitung auf eine IT-Umschulung - mit einem wesentlichen FISI-Hauptfach,its digital akademie GmbH,beratung@its-digital-akademie.de,<p>Vorausgesetzt werden Deutschkenntnisse auf dem Niveau Deutsch B2 und Englisch B1.</p>,bildungsanbieter,not sent,https://form.typeform.com/to/tcq9SlEj?utm_source=Kursnet&utm_campaign=Kursnet&utm_medium=Link_Kurs&utm_term=ZU-E-4007-1
Fachinformatiker Daten- und Prozessanalyse - Vorbereitung auf die IHK-Prüfung,COMCAVE.COLLEGE GmbH,anfrage@comcave.com,"<ul><li> Die Zulassung zur IHK-Abschlussprüfung muss vorliegen.</li><li> Deutsch in Wort und Schrift.</li><li> Persönliches Eignungsgespräch im Rahmen der Fachberatung.</li></ul><p>Ausnahmen sind in Absprache mit COMCAVE und dem jeweiligen Kostenträger, zum Beispiel der Agentur für Arbeit oder dem Jobcenter, möglich. Des Weiteren gelten die Zugangsvoraussetzungen des Kostenträgers.</p>",bildungsanbieter,not sent,https://www.comcave.de/weiterbildung/bewerbungstraining-vorbereitung/vorbereitungskurse/vorbereitung-ihk-pruefung-fachinformatiker-daten-prozessanalyse/?utm_campaign=weiterbildung&utm_source=kursnet
"Alltagsbegleiter - Betreuungskraft nach §§ 43b, 53b SGB XI",COMCAVE.COLLEGE GmbH,anfrage@comcave.com,"<ul><li> Abgeschlossene Ausbildung im relevanten Bereich oder ein Studium bzw. ein abgebrochenes Hochschulstudium oder ausreichende Berufserfahrung</li><li> Deutsch in Wort und Schrift</li><li> Grundlegende EDV-Kenntnisse</li><li> Grundkenntnisse in Englisch wünschenswert, aber nicht zwingend erforderlich</li><li> Ein internes Auswahlverfahren im Rahmen eines Fachgespräches ist mit ""gut geeignet"" zu bestehen</li></ul><p>Des Weiteren gelten die Zugangsvoraussetzungen des Kostenträgers, Ausnahmen sind in Absprache mit dem COMCAVE.COLLEGE® und dem Kostenträger möglich.<br/>Die beruflichen und schulischen Zugangsvoraussetzungen werden anhand von Lebenslauf, Zeugnissen und Zertifikaten, bzw. einer Eignungsfeststellung im Rahmen eines ausführlichen persönlichen Fachgespräches geprüft.</p>",bildungsanbieter,not sent,https://www.comcave.de/weiterbildung/alltagsbetreuer-betreuungskraft-nach-paragraf-43b-53b-sgb-xi/?utm_campaign=weiterbildung&utm_source=kursnet
"Kauffrau, Kaufmann E-Commerce - Vorbereitung auf die IHK-Prüfung",COMCAVE.COLLEGE GmbH,anfrage@comcave.com,"<ul><li> Die Zulassung zur IHK-Abschlussprüfung muss vorliegen.</li><li> Deutsch in Wort und Schrift.</li><li> Persönliches Eignungsgespräch im Rahmen der Fachberatung.</li></ul><p>Ausnahmen sind in Absprache mit COMCAVE und dem jeweiligen Kostenträger, zum Beispiel der Agentur für Arbeit oder dem Jobcenter, möglich. Des Weiteren gelten die Zugangsvoraussetzungen des Kostenträgers.</p>",bildungsanbieter,not sent,https://www.comcave.de/weiterbildung/bewerbungstraining-vorbereitung/vorbereitungskurse/vorbereitung-ihk-pruefung-kaufmann-kauffrau-ecommerce/?utm_campaign=weiterbildung&utm_source=kursnet
Sport- und Fitnesskaufmann - Vorbereitung auf die IHK-Prüfung,COMCAVE.COLLEGE GmbH,anfrage@comcave.com,"<ul><li> Die Zulassung zur IHK-Abschlussprüfung muss vorliegen.</li><li> Deutsch in Wort und Schrift.</li><li> Persönliches Eignungsgespräch im Rahmen der Fachberatung.</li></ul><p>Ausnahmen sind in Absprache mit COMCAVE und dem jeweiligen Kostenträger, zum Beispiel der Agentur für Arbeit oder dem Jobcenter, möglich. Des Weiteren gelten die Zugangsvoraussetzungen des Kostenträgers.</p>",bildungsanbieter,not sent,https://www.comcave.de/weiterbildung/bewerbungstraining-vorbereitung/vorbereitungskurse/vorbereitung-ihk-pruefung-sport-fitnesskauffrau-fitnesskaufmann/?utm_campaign=weiterbildung&utm_source=kursnet
Einjährige Berufsfachschule (BFS 1) - Wirtschaft und Verwaltung,Kaufmännische Schulen Rheine,info@kfmschulen.de,<p>Hauptschulabschluss</p>,bildungsanbieter,not sent,https://kfmschulen.de
Vorbereitungskurs kaufmännische / betriebswirtschaftliche Umschulung,COMCAVE.COLLEGE GmbH,anfrage@comcave.com,"<ul><li> Mindestens Hauptschulabschluss oder vergleichbaren Schulabschluss.</li><li> Interesse für den kaufmännichen Bereich.</li><li> Deutsch in Wort und Schrift.</li><li> Grundlegende PC-Kenntnisse.</li><li> Ein internes Auswahlverfahren im Rahmen eines Fachgespräches ist mit ""gut geeignet"" zu bestehen.</li></ul><p>Des Weiteren gelten die Zugangsvoraussetzungen des Kostenträgers, Ausnahmen sind in Absprache mit dem COMCAVE.COLLEGE® und dem Kostenträger möglich.<br/>Die beruflichen und schulischen Zugangsvoraussetzungen werden anhand von Lebenslauf, Zeugnissen und Zertifikaten, bzw. einer Eignungsfeststellung im Rahmen eines ausführlichen persönlichen Fachgespräches geprüft.</p>",bildungsanbieter,not sent,https://www.comcave.de/weiterbildung/bewerbungstraining-vorbereitung/vorbereitung-kaufmaennische-umschulung/?utm_campaign=weiterbildung&utm_source=kursnet
Grundlagen für Wirtschafts- und Dienstleistungsberufe inkl. moderne Arbeitswelt und Grundlagen der Buchhaltung,WBS TRAINING SE,info@wbstraining.de,<p>abgeschlossene Berufsausbildung oder mehrjährige Berufserfahrung (für Teilnehmende ohne formalen Berufsabschluss)</p>,bildungsanbieter,not sent,https://www.wbstraining.de/kn/grundlagen-wirtschafts-dienstleistungsberufe/
"Betreuungskraft nach §§ 43b, 53b SGB XI",SIS Social Impact School GmbH,kurs@impactschool.de,keine Angabe,bildungsanbieter,not sent,"https://www.impactschool.de/meinnow-kurs-pub/?utm_source=kursnet&utm_content=Betreuungskraft%20nach%20§§%2043b,%2053b%20SGB%20XI&w_title=Betreuungskraft%20nach%20§§%2043b,%2053b%20SGB%20XI"
Vermittlung digitaler Grundkenntnisse,Akademie Überlingen,kursnet-management@a-ue.de,<ul><li>Kenntnisse in Deutsch in Wort und Schrift</li><li>Motivation zum Erwerb oder der Auffrischung digitaler Grundkompetenzen</li><li>Voraussetzungen zur Begründung der Durchführung in Teilzeit</li></ul>,bildungsanbieter,not sent,https://akademie-ueberlingen.de/kurs-basisdaten/vermittlung-digitaler-grundkenntnisse/?mtm_campaign=Kursnet&mtm_kwd=VDK
Vorbereitung auf eine IT-Umschulung - mit einem wesentlichen FIAE-Hauptfach,Verein für Integration und Bildung e. V.,info@sprachakademie.org,<p>Vorausgesetzt werden Deutschkenntnisse auf dem Niveau Deutsch B2 und Englisch B1.</p>,bildungsanbieter,not sent,
"Seniorenbetreuer:in - Aufbaukurs für Betreuungskraft nach §§ 43b, 53b SGB XI",IBB Institut für Berufliche Bildung GmbH,kundencenter-kursnet@ibb.com,"<p>Dieses Modul setzt eine abgeschlossene Weiterbildung als Betreuungskraft gemäß§§ 43b, 53b SGB XI voraus.</p><p>Allen Interessierten stehen wir in einem persönlichen Gespräch zur Abklärung ihrer individuellen Teilnahmevoraussetzungen zur Verfügung.</p>",bildungsanbieter,not sent,https://www.ibb.com/kurs-fuer-arbeitssuchende/P-3904-2?utm_source=Kursnet&utm_medium=Link_Kurs&utm_campaign=Kursnet&utm_term=P-3904-2
"Vorbereitung auf eine Umschulung (kaufmännisch, Lagerlogistik, Schutz und Sicherheit) mit Schwerpunkt EDV-Grundlagen und Textverarbeitung",Fortbildungsakademie der Wirtschaft (FAW) gGmbH,beratung@online-weiterbilden.com,<p>Vorausgesetzt werden Deutschkenntnisse auf dem Niveau Deutsch B.2.</p>,bildungsanbieter,not sent,https://www.faw.de/r/ibb?utm_source=Kursnet&utm_campaign=Kursnet&utm_medium=Link_Kurs&utm_term=ZU-K-4046-1
Nachprüfungsvorbereitung der Umschulung Mediengestalter Digital und Print (w/m/d),WBS TRAINING SE,info@wbstraining.de,<p>Die Zulassungsvoraussetzungen für die Abschlussprüfung müssen erfüllt sein (z. B. durch Absolvieren des Praktikums und Lerninhalte der AO).</p>,bildungsanbieter,not sent,https://www.wbstraining.de/kn/nachpruefung-umschulung-mediengestalter/
Gartenbauwerker Zierpflanzen (§66 BBiG/ 42mHwO),Die Kolping Akademie in Kaufbeuren,info@kolping-allgaeu.de,<p>Die Zuweisung erfolgt über die/den Berufsberater/ in der Agentur für Arbeit</p>,bildungsanbieter,not sent,
Technische Hilfskraft für den IT-Bereich inklusive technischem Englisch,GFN GmbH,kursnet-beratung@gfn.de,<ul><li>Gute Deutschkenntnisse</li><li>Ausreichende Englischkenntnisse</li><li>Grundkenntnisse in Microsoft Office und Erfahrungen mit Internet-Browsern</li><li>Teilnahme an einem unverbindlichen Beratungsgespräch</li></ul>,bildungsanbieter,not sent,https://www.gfn.de/esther/?itn=KN-V546-30&utm_source=kursnet&utm_medium=portal&utm_campaign=KN-LINK-MOD&utm_term=Heidelberg&utm_content=KN-V546-30
"Betreuungskraft nach §§ 43b, 53b SGB XI mit Zusatzqualifikationen Ethik und Umgang mit psychischen Belastungen",IBB Institut für Berufliche Bildung GmbH,kundencenter-kursnet@ibb.com,"<p>Sie müssen sich in einem mindestens fünftägigen Praktikum VOR Beginn des Kurses erproben. Hier sollen Sie als Interessent herausfinden, ob Ihnen die Arbeit mit demenzerkrankten, körperlich beeinträchtigten oder geistig behinderten Menschen Freude bereitet. Gute sprachliche Verständigung in Deutsch sowie PC-Grundkenntnisse sollten Sie mitbringen.</p><br/><br/><p>Allen Interessierten stehen wir in einem persönlichen Gespräch zur Abklärung ihrer individuellen Teilnahmevoraussetzungen zur Verfügung.</p>",bildungsanbieter,not sent,https://www.ibb.com/kurs-fuer-arbeitssuchende/Z-P-2949-2?utm_source=Kursnet&utm_medium=Link_Kurs&utm_campaign=Kursnet&utm_term=Z-P-2949-2
Prüfungsvorbereitung Fachkraft für Gastronomie (IHK),cpi consulting + training GmbH,anfrage@cpi.de,"<ul><li> Abgeschlossene Ausbildung oder ein Studium bzw. ein abgebrochenes Hochschulstudium oder ausreichende Berufserfahrung.</li><li> Sichere Deutschkenntnisse in Wort und Schrift.</li><li> Grundkenntnisse in Englisch und EDV sind von Vorteil.</li><li> Ein internes Auswahlverfahren in Form eines Fachgesprächs ist mit dem Ergebnis ""gut geeignet"" zu bestehen.</li></ul><p>Darüber hinaus gelten die Zugangsvoraussetzungen des Kostenträgers. Ausnahmen können in Absprache mit der cpi consulting + training GmbH und dem Kostenträger vereinbart werden.<br/>Die beruflichen und schulischen Zugangsvoraussetzungen werden anhand des Lebenslaufs, vorgelegter Zeugnisse und Zertifikate oder durch eine Eignungsfeststellung im Rahmen eines ausführlichen Fachgesprächs überprüft.</p>",bildungsanbieter,not sent,https://www.cpi.de/gastgewerbe-service/pruefungsvorbereitung-fachkraft-gastronomie-ihk/?utm_campaign=weiterbildung&utm_source=kursnet
Orthoptist/in,Schule für Orthoptik an der Akademie für medizinische Berufe,orthoptikschule@uniklinik-freiburg.de,"<ul><li>mindestens Hauptschulabschluss mit abgeschlossener 2-jähriger Berufsausbildung oder Realschulabschluss</li><li>gute Zensuren in Deutsch, Englisch, Mathematik, Biologie und Physik</li><li>medizinisch-naturwissenschaftliches Interesse</li><li>Freude am Umgang mit Menschen aller Altersgruppen</li><li>gesundheitliche Eignung, bestätigt durch ein ärztliches Zeugnis</li></ul>",bildungsanbieter,not sent,https://www.uniklinik-freiburg.de/augenklinik/augenklinik/neuroophthalmologie-kinderophthalmologie-schielbehandlung/schule-fuer-orthoptik.html
"Kauffrau, Kaufmann für Groß- und Außenhandelsmanagement (Großhandel) - Vorbereitung auf die IHK-Prüfung",COMCAVE.COLLEGE GmbH,anfrage@comcave.com,"<ul><li> Die Zulassung zur IHK-Abschlussprüfung muss vorliegen.</li><li> Deutsch in Wort und Schrift.</li><li> Persönliches Eignungsgespräch im Rahmen der Fachberatung.</li></ul><p>Ausnahmen sind in Absprache mit COMCAVE und dem jeweiligen Kostenträger, zum Beispiel der Agentur für Arbeit oder dem Jobcenter, möglich. Des Weiteren gelten die Zugangsvoraussetzungen des Kostenträgers.</p>",bildungsanbieter,not sent,https://www.comcave.de/weiterbildung/bewerbungstraining-vorbereitung/vorbereitungskurse/vorbereitung-ihk-pruefung-kauffrau-kaufmann-gross-aussenhandelsmanagement-grosshandel/?utm_campaign=weiterbildung&utm_source=kursnet
Fachinformatiker Daten- und Prozessanalyse - Vorbereitung auf die IHK-Prüfung,COMCAVE.COLLEGE GmbH,anfrage@comcave.com,"<ul><li> Die Zulassung zur IHK-Abschlussprüfung muss vorliegen.</li><li> Deutsch in Wort und Schrift.</li><li> Persönliches Eignungsgespräch im Rahmen der Fachberatung.</li></ul><p>Ausnahmen sind in Absprache mit COMCAVE und dem jeweiligen Kostenträger, zum Beispiel der Agentur für Arbeit oder dem Jobcenter, möglich. Des Weiteren gelten die Zugangsvoraussetzungen des Kostenträgers.</p>",bildungsanbieter,not sent,https://www.comcave.de/weiterbildung/bewerbungstraining-vorbereitung/vorbereitungskurse/vorbereitung-ihk-pruefung-fachinformatiker-daten-prozessanalyse/?utm_campaign=weiterbildung&utm_source=kursnet
Grundkompetenzen für PC-Anwendungen,faw Aachen,aachen@faw.de,<p>- ausreichendes Sprachniveau (mind. B2)<br/>- Grundlegende Fähigkeiten in der Bedienung des PC</p>,bildungsanbieter,not sent,https://www.faw.de/kurs/eca-92534
"Kauffrau, Kaufmann für Spedition- und Logistikdienstleistung - Vorbereitung auf die IHK-Prüfung",COMCAVE.COLLEGE GmbH,anfrage@comcave.com,"<ul><li> Die Zulassung zur IHK-Abschlussprüfung muss vorliegen.</li><li> Deutsch in Wort und Schrift.</li><li> Persönliches Eignungsgespräch im Rahmen der Fachberatung.</li></ul><p>Ausnahmen sind in Absprache mit COMCAVE und dem jeweiligen Kostenträger, zum Beispiel der Agentur für Arbeit oder dem Jobcenter, möglich. Des Weiteren gelten die Zugangsvoraussetzungen des Kostenträgers.</p>",bildungsanbieter,not sent,https://www.comcave.de/weiterbildung/bewerbungstraining-vorbereitung/vorbereitungskurse/vorbereitung-ihk-pruefung-kauffrau-kaufmann-spedition-logistikdienstleistung/?utm_campaign=weiterbildung&utm_source=kursnet
"Kauffrau, Kaufmann für IT System Management - Vorbereitung auf die IHK Prüfung",COMCAVE.COLLEGE GmbH,anfrage@comcave.com,"<ul><li> Die Zulassung zur IHK-Abschlussprüfung muss vorliegen.</li><li> Deutsch in Wort und Schrift.</li><li> Persönliches Eignungsgespräch im Rahmen der Fachberatung.</li></ul><p>Ausnahmen sind in Absprache mit COMCAVE und dem jeweiligen Kostenträger, zum Beispiel der Agentur für Arbeit oder dem Jobcenter, möglich. Des Weiteren gelten die Zugangsvoraussetzungen des Kostenträgers.</p>",bildungsanbieter,not sent,https://www.comcave.de/weiterbildung/bewerbungstraining-vorbereitung/vorbereitungskurse/vorbereitung-ihk-pruefung-kauffrau-kaufmann-it-system-management/?utm_campaign=weiterbildung&utm_source=kursnet
Veranstaltungskaufmann - Vorbereitung auf die IHK-Prüfung,COMCAVE.COLLEGE GmbH,anfrage@comcave.com,"<ul><li> Die Zulassung zur IHK-Abschlussprüfung muss vorliegen.</li><li> Deutsch in Wort und Schrift.</li><li> Persönliches Eignungsgespräch im Rahmen der Fachberatung.</li></ul><p>Ausnahmen sind in Absprache mit COMCAVE und dem jeweiligen Kostenträger, zum Beispiel der Agentur für Arbeit oder dem Jobcenter, möglich. Des Weiteren gelten die Zugangsvoraussetzungen des Kostenträgers.</p>",bildungsanbieter,not sent,https://www.comcave.de/weiterbildung/bewerbungstraining-vorbereitung/vorbereitungskurse/vorbereitung-auf-ihk-pruefung-veranstaltungskauffrau-veranstaltungskaufmann/?utm_campaign=weiterbildung&utm_source=kursnet
"Alltagsbegleiter - Betreuungskraft nach §§ 43b, 53b SGB XI",COMCAVE.COLLEGE GmbH,anfrage@comcave.com,"<ul><li> Abgeschlossene Ausbildung im relevanten Bereich oder ein Studium bzw. ein abgebrochenes Hochschulstudium oder ausreichende Berufserfahrung</li><li> Deutsch in Wort und Schrift</li><li> Grundlegende EDV-Kenntnisse</li><li> Grundkenntnisse in Englisch wünschenswert, aber nicht zwingend erforderlich</li><li> Ein internes Auswahlverfahren im Rahmen eines Fachgespräches ist mit ""gut geeignet"" zu bestehen</li></ul><p>Des Weiteren gelten die Zugangsvoraussetzungen des Kostenträgers, Ausnahmen sind in Absprache mit dem COMCAVE.COLLEGE® und dem Kostenträger möglich.<br/>Die beruflichen und schulischen Zugangsvoraussetzungen werden anhand von Lebenslauf, Zeugnissen und Zertifikaten, bzw. einer Eignungsfeststellung im Rahmen eines ausführlichen persönlichen Fachgespräches geprüft.</p>",bildungsanbieter,not sent,https://www.comcave.de/weiterbildung/alltagsbetreuer-betreuungskraft-nach-paragraf-43b-53b-sgb-xi/?utm_campaign=weiterbildung&utm_source=kursnet
"Vorbereitung auf eine Umschulung (kaufmännisch, Lagerlogistik, Schutz und Sicherheit) mit Schwerpunkt EDV",Lecturio GmbH,bildungsgutschein@lecturio.de,<p>Vorausgesetzt werden Deutschkenntnisse auf dem Niveau Deutsch B2.</p>,bildungsanbieter,not sent,https://www.lecturio.de/weiterbildung-mit-bildungsgutschein/online-live-kurse/?utm_source=Kursnet&utm_campaign=Kursnet&utm_medium=Link_Kurs&utm_term=ZU-K-4043-1#/kurs-fuer-arbeitssuchende/ZU-K-4043-1
"Vorbereitung auf eine Umschulung (kaufmännisch, Lagerlogistik, Schutz und Sicherheit) mit Schwerpunkt EDV",IBB Institut für Berufliche Bildung GmbH,kundencenter-kursnet@ibb.com,<p>Vorausgesetzt werden Deutschkenntnisse auf dem Niveau Deutsch B2.</p><p>Allen Interessierten stehen wir in einem persönlichen Gespräch zur Abklärung ihrer individuellen Teilnahmevoraussetzungen zur Verfügung.</p>,bildungsanbieter,not sent,https://www.ibb.com/kurs-fuer-arbeitssuchende/ZU-K-4043-1?utm_source=Kursnet&utm_medium=Link_Kurs&utm_campaign=Kursnet&utm_term=ZU-K-4043-1
Vorbereitung auf eine Mediengestalter-Umschulung - Schwerpunkt: Tools in der Mediengestaltung - Kompakt,Lernstudio Barbarossa/MegaKids Fortbildungs GmbH,viona@lernstudio-barbarossa.de,"<p>Besondere Teilnahmevoraussetzungen sind nicht nötig, da die konkreten Inhalte und Schwerpunkte individuell auf jeden Teilnehmer, seinen Bedarf und seine Vorkenntnisse abgestimmt werden.</p>",bildungsanbieter,not sent,https://www.lernstudio-barbarossa.de/weiterbildung/?utm_source=Kursnet&utm_campaign=Kursnet&utm_medium=Link_Kurs&utm_term=ZU-X-4411-1
"Betreuungskraft nach §§ 43b, 53b SGB XI",WBS TRAINING SE,info@wbstraining.de,"<p>Für die Teilnahme benötigst du ein eintragsfreies, polizeiliches Führungszeugnis. Wir empfehlen außerdem Deutschkenntnisse auf Niveau B1 (idealerweise B2) in Wort und Schrift, damit du dem Unterricht folgen, Dokumentation verstehen und sicher mit Patient:innen und im Team kommunizieren kannst.​<br/>Für das Praktikum sind Impf- bzw. Immunitätsnachweise gemäß Infektionsschutzgesetz erforderlich (z. B. Masern, Mumps, Röteln, Pertussis, Poliomyelitis, Diphtherie, Hepatitis A und B). Die konkret notwendigen Nachweise stimmst du direkt mit deiner Praktikumseinrichtung ab.​<br/>Hinweis: In einigen Bundesländern, z. B. Brandenburg, wird der Abschluss als Pflegehelfer:in nicht in allen Einrichtungen anerkannt. Kläre daher vor Beginn der Weiterbildung mit deinem gewünschten Arbeitgeber, ob der Abschluss für die angestrebte Tätigkeit akzeptiert wird.</p>",bildungsanbieter,not sent,https://www.wbstraining.de/kn/betreuungskraft-43b-53b-sgb-xi/
Nachprüfungsvorbereitung der Umschulung Kaufmann/-frau für Spedition und Logistikdienstleistung,WBS TRAINING SE,info@wbstraining.de,<p>Die Zulassungsvoraussetzungen für die Abschlussprüfung müssen erfüllt sein (z. B. durch Absolvieren des Praktikums und Lerninhalte der AO).</p>,bildungsanbieter,not sent,https://www.wbstraining.de/kn/nachpruefung-umschulung-spedition/
Immobilienkaufmann - Vorbereitung auf die IHK-Prüfung,COMCAVE.COLLEGE GmbH,anfrage@comcave.com,"<ul><li> Die Zulassung zur IHK-Abschlussprüfung muss vorliegen.</li><li> Deutsch in Wort und Schrift.</li><li> Persönliches Eignungsgespräch im Rahmen der Fachberatung.</li></ul><p>Ausnahmen sind in Absprache mit COMCAVE und dem jeweiligen Kostenträger, zum Beispiel der Agentur für Arbeit oder dem Jobcenter, möglich. Des Weiteren gelten die Zugangsvoraussetzungen des Kostenträgers.</p>",bildungsanbieter,not sent,https://www.comcave.de/weiterbildung/bewerbungstraining-vorbereitung/vorbereitungskurse/vorbereitung-ihk-pruefung-immobilienkaufmann-immobilienkauffrau/?utm_campaign=weiterbildung&utm_source=kursnet
"Kauffrau, Kaufmann im Gesundheitswesen - Vorbereitung auf die IHK-Prüfung",COMCAVE.COLLEGE GmbH,anfrage@comcave.com,"<ul><li> Die Zulassung zur IHK-Abschlussprüfung muss vorliegen.</li><li> Deutsch in Wort und Schrift.</li><li> Persönliches Eignungsgespräch im Rahmen der Fachberatung.</li></ul><p>Ausnahmen sind in Absprache mit COMCAVE und dem jeweiligen Kostenträger, zum Beispiel der Agentur für Arbeit oder dem Jobcenter, möglich. Des Weiteren gelten die Zugangsvoraussetzungen des Kostenträgers.</p>",bildungsanbieter,not sent,https://www.comcave.de/weiterbildung/bewerbungstraining-vorbereitung/vorbereitungskurse/vorbereitung-ihk-pruefung-kaufmann-kauffrau-gesundheitswesen/?utm_campaign=weiterbildung&utm_source=kursnet
"Vorbereitung auf eine Umschulung (kaufmännisch, Lagerlogistik, Schutz und Sicherheit) mit Schwerpunkt EDV und Einführung in die Buchführung",IBB Institut für Berufliche Bildung GmbH,kundencenter-kursnet@ibb.com,<p>Vorausgesetzt werden Deutschkenntnisse auf dem Niveau Deutsch B2.</p><p>Allen Interessierten stehen wir in einem persönlichen Gespräch zur Abklärung ihrer individuellen Teilnahmevoraussetzungen zur Verfügung.</p>,bildungsanbieter,not sent,https://www.ibb.com/kurs-fuer-arbeitssuchende/ZU-K-4039-1?utm_source=Kursnet&utm_medium=Link_Kurs&utm_campaign=Kursnet&utm_term=ZU-K-4039-1
Grundkompetenzen: Mathematik 2,TERTIA Berufsförderung GmbH & Co. KG,schnittstelle@tertia.de,keine Angabe,bildungsanbieter,not sent,https://www.tertia.de/tobi_grundkompetenzen/
"Mediengestalter Digital und Print - Vorbereitung auf die IHK-Prüfung, Fachrichtung Designkonzeption",COMCAVE.COLLEGE GmbH,anfrage@comcave.com,"<ul><li> Die Zulassung zur IHK-Abschlussprüfung muss vorliegen.</li><li> Deutsch in Wort und Schrift.</li><li> Persönliches Eignungsgespräch im Rahmen der Fachberatung.</li></ul><p>Ausnahmen sind in Absprache mit COMCAVE und dem jeweiligen Kostenträger, zum Beispiel der Agentur für Arbeit oder dem Jobcenter, möglich. Des Weiteren gelten die Zugangsvoraussetzungen des Kostenträgers.</p>",bildungsanbieter,not sent,https://www.comcave.de/weiterbildung/bewerbungstraining-vorbereitung/vorbereitungskurse/vorbereitung-ihk-pruefung-mediengestalter-designkonzeption/?utm_campaign=weiterbildung&utm_source=kursnet
Fahrradmonteur/-in 3-jährig,Berufsbildungswerk Hamburg gGmbH,info.bbw@cjd.de,<p>Behinderung nach § 2 SGB IX in Verbindung mit § 19 SGB III</p>,bildungsanbieter,not sent,
Maßnahme zum Erwerb von Grundkompetenzen,WBS TRAINING SE,info@wbstraining.de,"<p>An dieser Maßnahme zum Erwerb von Grundkompetenzen können Sie teilnehmen, wenn Sie einen anerkannten Berufsabschluss anstreben und sich auf die entsprechende Umschulung vorbereiten möchten, indem Sie grundlegende Kenntnisse absichern.</p>",bildungsanbieter,not sent,https://www.wbstraining.de/kn/erwerb-grundkompetenzen-varianten/
Vorbereitung auf eine IT-Umschulung - Schwerpunkt: Vorbereitung auf zwei der IT-Grundlagenfächer,Fortbildungsakademie der Wirtschaft (FAW) gGmbH,beratung@online-weiterbilden.com,<p>Vorausgesetzt werden Deutschkenntnisse auf dem Niveau Deutsch B2 und Englisch B1.</p>,bildungsanbieter,not sent,https://www.faw.de/r/ibb?utm_source=Kursnet&utm_campaign=Kursnet&utm_medium=Link_Kurs&utm_term=ZU-E-4005-1
Erwerb von Grundkompetenzen - Grundwissen Mathematik (Anwendung von Zahlen & Zins- und Prozentrechnung),IBB Institut für Berufliche Bildung GmbH,kundencenter-kursnet@ibb.com,<p>An der Maßnahme können Teilnehmer mit unterschiedlichen Zugangsvoraussetzungen teilnehmen. Bestimmte berufliche Vorkenntnisse oder Erfahrungen sind für die Teilnahme an der Maßnahme nicht erforderlich.<br/>Ausnahmeregelungen erfolgen in Abstimmung mit dem JC/der Arbeitsagentur oder der optierenden Kommune. Grundlegende Deutschsprachkenntnisse (Niveau A2 GER) werden vorausgesetzt.</p><br/><br/><p>Allen Interessierten stehen wir in einem persönlichen Gespräch zur Abklärung ihrer individuellen Teilnahmevoraussetzungen zur Verfügung.</p>,bildungsanbieter,not sent,https://www.ibb.com/kurs-fuer-arbeitssuchende/S-2368-D-6?utm_source=Kursnet&utm_medium=Link_Kurs&utm_campaign=Kursnet&utm_term=S-2368-D-6
Vorbereitung auf eine IT-Umschulung - Schwerpunkt: Vorbereitung auf zwei der IT-Grundlagenfächer,Lernstudio Barbarossa/MegaKids Fortbildungs GmbH,viona@lernstudio-barbarossa.de,<p>Vorausgesetzt werden Deutschkenntnisse auf dem Niveau Deutsch B2 und Englisch B1.</p>,bildungsanbieter,not sent,https://www.lernstudio-barbarossa.de/weiterbildung/?utm_source=Kursnet&utm_campaign=Kursnet&utm_medium=Link_Kurs&utm_term=ZU-E-4005-1
Vorbereitung auf eine Mediengestalter-Umschulung - Schwerpunkt: Tools in der Mediengestaltung - Basis,Berufliche Fortbildungszentren der Bayerischen Wirtschaft (bfz) gGmbH,beratung@bfz.de,"<p>Besondere Teilnahmevoraussetzungen sind nicht nötig, da die konkreten Inhalte und Schwerpunkte individuell auf jeden Teilnehmer, seinen Bedarf und seine Vorkenntnisse abgestimmt werden.</p>",bildungsanbieter,not sent,https://www.bfz.de/r/ibb?utm_source=Kursnet&utm_campaign=Kursnet&utm_medium=Link_Kurs&utm_term=ZU-X-4412-1
"Betreuungskraft nach §§ 43b, 53b SGB XI (ehem. § 87b) mit Zusatzqualifikation Interkulturelle Kommunikation",IBB Institut für Berufliche Bildung GmbH,kundencenter-kursnet@ibb.com,"<p>Entfernung Für die erfolgreiche Teilnahme an diesem Kurs sollten die Teilnehmer soziale Kompetenz und Einfühlungsvermögen aufweisen sowie belastbar sein. Vor Beginn des Kurses müssen Interessenten in einem fünftägigen Praktikum herausfinden, ob sie für den Umgang mit demenzerkrankten, körperlich beeinträchtigten oder geistig behinderten Menschen geeignet sind und ihnen die Arbeit Freude bereitet. Gute Deutschkenntnisse werden vorausgesetzt.</p><br/><br/><br/><p>Allen Interessierten stehen wir in einem persönlichen Gespräch zur Abklärung ihrer individuellen Teilnahmevoraussetzungen zur Verfügung.</p>",bildungsanbieter,not sent,https://www.ibb.com/kurs-fuer-arbeitssuchende/Z-P-2646-2?utm_source=Kursnet&utm_medium=Link_Kurs&utm_campaign=Kursnet&utm_term=Z-P-2646-2
"Betreuungskraft nach §§ 43b, 53b SGB XI mit Computer-Grundlagen und MS Word",IBB Institut für Berufliche Bildung GmbH,kundencenter-kursnet@ibb.com,"<p>Sie müssen sich in einem mindestens fünftägigen Praktikum VOR Beginn des Kurses erproben. Hier sollen Sie als Interessent herausfinden, ob Ihnen die Arbeit mit demenzerkrankten, körperlich beeinträchtigten oder geistig behinderten Menschen Freude bereitet. Computer-Grundlagen sind in diesem Cluster nicht erforderlich, gute sprachliche Verständigung in Deutsch sollten Sie mitbringen.</p><p>Allen Interessierten stehen wir in einem persönlichen Gespräch zur Abklärung ihrer individuellen Teilnahmevoraussetzungen zur Verfügung.</p>",bildungsanbieter,not sent,https://www.ibb.com/kurs-fuer-arbeitssuchende/Z-P-2603-4?utm_source=Kursnet&utm_medium=Link_Kurs&utm_campaign=Kursnet&utm_term=Z-P-2603-4
"Vorbereitung auf eine Umschulung (kaufmännisch, Lagerlogistik, Schutz und Sicherheit) mit Schwerpunkt EDV",TERTIA Berufsförderung GmbH & Co. KG,info@tertia.de,<p>Vorausgesetzt werden Deutschkenntnisse auf dem Niveau Deutsch B2.</p>,bildungsanbieter,not sent,https://www.viona.online/kursdetail/zu-k-4043?utm_source=Kursnet&utm_campaign=Kursnet&utm_medium=Link_Kurs&utm_term=ZU-K-4043-1_TERTIA
HKP - Assistenzkraft,maxQ. im bfw Fachakademie für Gesundheit,hamburg@maxq.net,keine Angabe,bildungsanbieter,not sent,https://www.maxq.net/hamburg/
"Kauffrau, Kaufmann im Gesundheitswesen - Vorbereitung auf die IHK-Prüfung",COMCAVE.COLLEGE GmbH,anfrage@comcave.com,"<ul><li> Die Zulassung zur IHK-Abschlussprüfung muss vorliegen.</li><li> Deutsch in Wort und Schrift.</li><li> Persönliches Eignungsgespräch im Rahmen der Fachberatung.</li></ul><p>Ausnahmen sind in Absprache mit COMCAVE und dem jeweiligen Kostenträger, zum Beispiel der Agentur für Arbeit oder dem Jobcenter, möglich. Des Weiteren gelten die Zugangsvoraussetzungen des Kostenträgers.</p>",bildungsanbieter,not sent,https://www.comcave.de/weiterbildung/bewerbungstraining-vorbereitung/vorbereitungskurse/vorbereitung-ihk-pruefung-kaufmann-kauffrau-gesundheitswesen/?utm_campaign=weiterbildung&utm_source=kursnet
Fit für IT-System-Management,GFN GmbH,kursnet-beratung@gfn.de,<ul><li> gute PC-Kenntnisse</li><li> gute Deutschkenntnisse</li><li> ausreichende Englischkenntnisse</li><li> Teilnahme an einem Beratungsgespräch</li></ul>,bildungsanbieter,not sent,https://www.gfn.de/esther/?itn=KN-V546-32&utm_source=kursnet&utm_medium=portal&utm_campaign=KN-LINK-MOD&utm_term=Heidelberg&utm_content=KN-V546-32
Grundkompetenzen für PC-Anwendungen,bfz Alpenvorland,info-avl@bfz.de,<p>- ausreichendes Sprachniveau (mind. B2)<br/>- Grundlegende Fähigkeiten in der Bedienung des PC</p>,bildungsanbieter,not sent,https://www.bfz.de/kurs/eca-92534
Alltagsbetreuer/in und Ernährung im Alter inkl. Deutsch als Fremdsprache,cpi consulting + training GmbH,anfrage@cpi.de,"<ul><li> Abgeschlossene Ausbildung oder ein Studium bzw. ein abgebrochenes Hochschulstudium oder ausreichende Berufserfahrung.</li><li> Deutschkenntnisse mindestens auf der Niveaustufe B1.</li><li> Persönliches Eignungsgespräch im Rahmen der Fachberatung.</li></ul><p>Ausnahmen sind in Absprache mit CPI und dem jeweiligen Kostenträger, zum Beispiel der Agentur für Arbeit oder dem Jobcenter, möglich. Des Weiteren gelten die Zugangsvoraussetzungen des Kostenträgers.</p>",bildungsanbieter,not sent,https://www.cpi.de/kursnet/alltagsbetreuer-ernaehrung-im-alter-deutsch-fremdsprache/?utm_campaign=weiterbildung&utm_source=kursnet
"Kaufmann, Kauffrau für Büromanagement - Vorbereitung auf die IHK-Prüfung",COMCAVE.COLLEGE GmbH,anfrage@comcave.com,"<ul><li> Die Zulassung zur IHK-Abschlussprüfung muss vorliegen.</li><li> Deutsch in Wort und Schrift.</li><li> Persönliches Eignungsgespräch im Rahmen der Fachberatung.</li></ul><p>Ausnahmen sind in Absprache mit COMCAVE und dem jeweiligen Kostenträger, zum Beispiel der Agentur für Arbeit oder dem Jobcenter, möglich. Des Weiteren gelten die Zugangsvoraussetzungen des Kostenträgers.</p>",bildungsanbieter,not sent,https://www.comcave.de/weiterbildung/bewerbungstraining-vorbereitung/vorbereitungskurse/vorbereitung-ihk-pruefung-kaufmann-kauffrau-bueromanagement/?utm_campaign=weiterbildung&utm_source=kursnet
"Alltagsbegleiter - Betreuungskraft nach §§ 43b, 53b SGB XI",COMCAVE.COLLEGE GmbH,anfrage@comcave.com,"<ul><li> Abgeschlossene Ausbildung im relevanten Bereich oder ein Studium bzw. ein abgebrochenes Hochschulstudium oder ausreichende Berufserfahrung</li><li> Deutsch in Wort und Schrift</li><li> Grundlegende EDV-Kenntnisse</li><li> Grundkenntnisse in Englisch wünschenswert, aber nicht zwingend erforderlich</li><li> Ein internes Auswahlverfahren im Rahmen eines Fachgespräches ist mit ""gut geeignet"" zu bestehen</li></ul><p>Des Weiteren gelten die Zugangsvoraussetzungen des Kostenträgers, Ausnahmen sind in Absprache mit dem COMCAVE.COLLEGE® und dem Kostenträger möglich.<br/>Die beruflichen und schulischen Zugangsvoraussetzungen werden anhand von Lebenslauf, Zeugnissen und Zertifikaten, bzw. einer Eignungsfeststellung im Rahmen eines ausführlichen persönlichen Fachgespräches geprüft.</p>",bildungsanbieter,not sent,https://www.comcave.de/weiterbildung/alltagsbetreuer-betreuungskraft-nach-paragraf-43b-53b-sgb-xi/?utm_campaign=weiterbildung&utm_source=kursnet
Vorbereitungskurs auf eine medieninformationstechnische Umschulung,COMCAVE.COLLEGE GmbH,anfrage@comcave.com,"<ul><li> Mindestens Hauptschulabschluss oder vergleichbaren Schulabschluss.</li><li> Interesse für den IT oder medieninformationstechnischen Bereich.</li><li> Deutsch in Wort und Schrift.</li><li> Grundlegende PC-Kenntnisse.</li><li> Ein internes Auswahlverfahren im Rahmen eines Fachgespräches ist mit ""gut geeignet"" zu bestehen.</li></ul><p>Des Weiteren gelten die Zugangsvoraussetzungen des Kostenträgers, Ausnahmen sind in Absprache mit dem COMCAVE.COLLEGE® und dem Kostenträger möglich.<br/>Die beruflichen und schulischen Zugangsvoraussetzungen werden anhand von Lebenslauf, Zeugnissen und Zertifikaten, bzw. einer Eignungsfeststellung im Rahmen eines ausführlichen persönlichen Fachgespräches geprüft.</p>",bildungsanbieter,not sent,https://www.comcave.de/weiterbildung/bewerbungstraining-vorbereitung/vorbereitung-umschulung-weiterbildung-it-bereich/?utm_campaign=weiterbildung&utm_source=kursnet
Vorbereitung auf eine IT-Umschulung - Schwerpunkt: Vorbereitung auf zwei der IT-Grundlagenfächer,IBB Institut für Berufliche Bildung GmbH,kundencenter-kursnet@ibb.com,<p>Vorausgesetzt werden Deutschkenntnisse auf dem Niveau Deutsch B2 und Englisch B1.</p><p>Allen Interessierten stehen wir in einem persönlichen Gespräch zur Abklärung ihrer individuellen Teilnahmevoraussetzungen zur Verfügung.</p>,bildungsanbieter,not sent,https://www.ibb.com/kurs-fuer-arbeitssuchende/ZU-E-4005-1?utm_source=Kursnet&utm_medium=Link_Kurs&utm_campaign=Kursnet&utm_term=ZU-E-4005-1
Nachprüfungsvorbereitung Teil I der Umschulung Kaufmann/-frau Groß- und Außenhandelsmanagement FR Großhandel,WBS TRAINING SE,info@wbstraining.de,<p>Die Zulassungsvoraussetzungen für die Abschlussprüfung müssen erfüllt sein (z. B. durch Absolvieren des Praktikums und Lerninhalte der AO).</p>,bildungsanbieter,not sent,https://www.wbstraining.de/kn/nachpruefung-umschulung-aussenhandelsmanagement/
Vorbereitung auf eine IT-Umschulung - Schwerpunkt: Vorbereitung auf zwei der IT-Grundlagenfächer,Fortbildungsakademie der Wirtschaft (FAW) gGmbH,beratung@online-weiterbilden.com,<p>Vorausgesetzt werden Deutschkenntnisse auf dem Niveau Deutsch B2 und Englisch B1.</p>,bildungsanbieter,not sent,https://www.faw.de/r/ibb?utm_source=Kursnet&utm_campaign=Kursnet&utm_medium=Link_Kurs&utm_term=ZU-E-4005-1
Vorbereitungskurs kaufmännische / betriebswirtschaftliche Umschulung inkl. Eignungsfeststellung,COMCAVE.COLLEGE GmbH,anfrage@comcave.com,"<ul><li> Deutsch in Wort und Schrift.</li><li> Persönliches Eignungsgespräch im Rahmen der Fachberatung.</li></ul><p>Ausnahmen sind in Absprache mit COMCAVE und dem jeweiligen Kostenträger, zum Beispiel der Agentur für Arbeit oder dem Jobcenter, möglich. Des Weiteren gelten die Zugangsvoraussetzungen des Kostenträgers.</p>",bildungsanbieter,not sent,https://www.comcave.de/weiterbildung/bewerbungstraining-vorbereitung/vorbereitungskurse/vorbereitung-kaufmaennische-betriebswirtschaftliche-umschulung-eignungsfeststellung/?utm_campaign=weiterbildung&utm_source=kursnet
Veranstaltungskaufmann - Vorbereitung auf die IHK-Prüfung,COMCAVE.COLLEGE GmbH,anfrage@comcave.com,"<ul><li> Die Zulassung zur IHK-Abschlussprüfung muss vorliegen.</li><li> Deutsch in Wort und Schrift.</li><li> Persönliches Eignungsgespräch im Rahmen der Fachberatung.</li></ul><p>Ausnahmen sind in Absprache mit COMCAVE und dem jeweiligen Kostenträger, zum Beispiel der Agentur für Arbeit oder dem Jobcenter, möglich. Des Weiteren gelten die Zugangsvoraussetzungen des Kostenträgers.</p>",bildungsanbieter,not sent,https://www.comcave.de/weiterbildung/bewerbungstraining-vorbereitung/vorbereitungskurse/vorbereitung-auf-ihk-pruefung-veranstaltungskauffrau-veranstaltungskaufmann/?utm_campaign=weiterbildung&utm_source=kursnet
"Betreuungskraft nach §§ 43b, 53b SGB XI mit Zusatzqualifikation Demenz verstehen",IBB Institut für Berufliche Bildung GmbH,kundencenter-kursnet@ibb.com,"<p>Teilnehmende sollten soziale Kompetenz, Empathie-Fähigkeit, hohe Belastbarkeit sowie Wahrnehmungsfähigkeit und Beobachtungsgabe aufweisen. Sie müssen sich in einem mindestens fünftägigen Praktikum VOR Beginn des Kurses erproben. Hierbei finden Sie heraus, ob Ihnen die Arbeit mit demenzerkrankten, körperlich beeinträchtigten oder geistig behinderten Menschen Freude bereitet. Computer-Kenntnisse sind unbedingt sicherzustellen. Die Deutschkenntnisse sollten sich auf muttersprachlichem Niveau bewegen (mind. Niveau B2 - ggf. Einstufungstest).</p><p>Allen Interessierten stehen wir in einem persönlichen Gespräch zur Abklärung ihrer individuellen Teilnahmevoraussetzungen zur Verfügung.</p>",bildungsanbieter,not sent,https://www.ibb.com/kurs-fuer-arbeitssuchende/Z-P-7120?utm_source=Kursnet&utm_medium=Link_Kurs&utm_campaign=Kursnet&utm_term=Z-P-7120
Vorbereitungskurs auf eine medieninformationstechnische Umschulung,COMCAVE.COLLEGE GmbH,anfrage@comcave.com,"<ul><li> Mindestens Hauptschulabschluss oder vergleichbaren Schulabschluss.</li><li> Interesse für den IT oder medieninformationstechnischen Bereich.</li><li> Deutsch in Wort und Schrift.</li><li> Grundlegende PC-Kenntnisse.</li><li> Ein internes Auswahlverfahren im Rahmen eines Fachgespräches ist mit ""gut geeignet"" zu bestehen.</li></ul><p>Des Weiteren gelten die Zugangsvoraussetzungen des Kostenträgers, Ausnahmen sind in Absprache mit dem COMCAVE.COLLEGE® und dem Kostenträger möglich.<br/>Die beruflichen und schulischen Zugangsvoraussetzungen werden anhand von Lebenslauf, Zeugnissen und Zertifikaten, bzw. einer Eignungsfeststellung im Rahmen eines ausführlichen persönlichen Fachgespräches geprüft.</p>",bildungsanbieter,not sent,https://www.comcave.de/weiterbildung/bewerbungstraining-vorbereitung/vorbereitung-umschulung-weiterbildung-it-bereich/?utm_campaign=weiterbildung&utm_source=kursnet
Ausbildung zum/zur Sozialassistent:in,ecolea - Private Berufliche Schule,info@ecolea.de,keine Angabe,bildungsanbieter,not sent,https://www.ecolea.de/berufliche-schule/ausbildung-plus-studium/ausbildung/?tx_vimindsausbildungen_ausbildungen%5Bausbildung%5D=8&tx_vimindsausbildungen_ausbildungen%5Baction%5D=show&tx_vimindsausbildungen_ausbildungen%5Bcontroller%5D=Ausbildung&cHash=b60c993c20bc2815c90a47845ac7196f
"Kauffrau, Kaufmann für Groß- und Außenhandelsmanagement (Großhandel) - Vorbereitung auf die IHK-Prüfung",COMCAVE.COLLEGE GmbH,anfrage@comcave.com,"<ul><li> Die Zulassung zur IHK-Abschlussprüfung muss vorliegen.</li><li> Deutsch in Wort und Schrift.</li><li> Persönliches Eignungsgespräch im Rahmen der Fachberatung.</li></ul><p>Ausnahmen sind in Absprache mit COMCAVE und dem jeweiligen Kostenträger, zum Beispiel der Agentur für Arbeit oder dem Jobcenter, möglich. Des Weiteren gelten die Zugangsvoraussetzungen des Kostenträgers.</p>",bildungsanbieter,not sent,https://www.comcave.de/weiterbildung/bewerbungstraining-vorbereitung/vorbereitungskurse/vorbereitung-ihk-pruefung-kauffrau-kaufmann-gross-aussenhandelsmanagement-grosshandel/?utm_campaign=weiterbildung&utm_source=kursnet
Grundkompetenzen: Deutsch 2,TERTIA Berufsförderung GmbH & Co. KG,schnittstelle@tertia.de,keine Angabe,bildungsanbieter,not sent,https://www.tertia.de/tobi_grundkompetenzen/
Vorbereitungskurs auf eine medieninformationstechnische Umschulung,COMCAVE.COLLEGE GmbH,anfrage@comcave.com,"<ul><li> Mindestens Hauptschulabschluss oder vergleichbaren Schulabschluss.</li><li> Interesse für den IT oder medieninformationstechnischen Bereich.</li><li> Deutsch in Wort und Schrift.</li><li> Grundlegende PC-Kenntnisse.</li><li> Ein internes Auswahlverfahren im Rahmen eines Fachgespräches ist mit ""gut geeignet"" zu bestehen.</li></ul><p>Des Weiteren gelten die Zugangsvoraussetzungen des Kostenträgers, Ausnahmen sind in Absprache mit dem COMCAVE.COLLEGE® und dem Kostenträger möglich.<br/>Die beruflichen und schulischen Zugangsvoraussetzungen werden anhand von Lebenslauf, Zeugnissen und Zertifikaten, bzw. einer Eignungsfeststellung im Rahmen eines ausführlichen persönlichen Fachgespräches geprüft.</p>",bildungsanbieter,not sent,https://www.comcave.de/weiterbildung/bewerbungstraining-vorbereitung/vorbereitung-umschulung-weiterbildung-it-bereich/?utm_campaign=weiterbildung&utm_source=kursnet
Sport- und Fitnesskaufmann - Vorbereitung auf die IHK-Prüfung,COMCAVE.COLLEGE GmbH,anfrage@comcave.com,"<ul><li> Die Zulassung zur IHK-Abschlussprüfung muss vorliegen.</li><li> Deutsch in Wort und Schrift.</li><li> Persönliches Eignungsgespräch im Rahmen der Fachberatung.</li></ul><p>Ausnahmen sind in Absprache mit COMCAVE und dem jeweiligen Kostenträger, zum Beispiel der Agentur für Arbeit oder dem Jobcenter, möglich. Des Weiteren gelten die Zugangsvoraussetzungen des Kostenträgers.</p>",bildungsanbieter,not sent,https://www.comcave.de/weiterbildung/bewerbungstraining-vorbereitung/vorbereitungskurse/vorbereitung-ihk-pruefung-sport-fitnesskauffrau-fitnesskaufmann/?utm_campaign=weiterbildung&utm_source=kursnet
Seniorenbetreuer/in mit interkulturellen Kompetenzen inkl. Betreuungskraft nach § 53b SGB XI Integrativ,cpi consulting + training GmbH,anfrage@cpi.de,"<ul><li> Abgeschlossene Ausbildung oder ein Studium bzw. ein abgebrochenes Hochschulstudium oder ausreichende Berufserfahrung.</li><li> Deutschkenntnisse mindestens auf der Niveaustufe GER B1.</li><li> Grundkenntnisse in Englisch und EDV sind von Vorteil.</li><li> Ein internes Auswahlverfahren in Form eines Fachgesprächs ist mit dem Ergebnis ""gut geeignet"" zu bestehen.</li></ul><p>Darüber hinaus gelten die Zugangsvoraussetzungen des Kostenträgers. Ausnahmen können in Absprache mit der cpi consulting + training GmbH und dem Kostenträger vereinbart werden.<br/>Die beruflichen und schulischen Zugangsvoraussetzungen werden anhand des Lebenslaufs, vorgelegter Zeugnisse und Zertifikate oder durch eine Eignungsfeststellung im Rahmen eines ausführlichen Fachgesprächs überprüft.</p>",bildungsanbieter,not sent,https://www.cpi.de/gesundheit-pflege/seniorbetreuer-mit-interkulturellen-kompetenzen-betreuungskraft-53b-sgb-xi-integrativ/?utm_campaign=weiterbildung&utm_source=kursnet
"Seniorenbetreuer:in - Aufbaukurs für Betreuungskraft nach §§ 43b, 53b SGB XI",Lernstudio Barbarossa/MegaKids Fortbildungs GmbH,viona@lernstudio-barbarossa.de,"<p>Dieses Modul setzt eine abgeschlossene Weiterbildung als Betreuungskraft gemäß§§ 43b, 53b SGB XI voraus.</p>",bildungsanbieter,not sent,https://www.lernstudio-barbarossa.de/weiterbildung/?utm_source=Kursnet&utm_campaign=Kursnet&utm_medium=Link_Kurs&utm_term=P-3904-2
Vorbereitung auf eine IT Umschulung,Bildungswerk der Niedersächsischen Wirtschaft,info@bnw.de,<p>- Grundlegende Fähigkeiten in der Bedienung des PC (Windows und Word Grundlagen)<br/>- Deutsch in Wort und Schrift (mind. B2)</p>,bildungsanbieter,not sent,
Erwerb von Grundkompetenzen,IBB Institut für Berufliche Bildung GmbH,kundencenter-kursnet@ibb.com,<p>An der Maßnahme können Teilnehmer mit unterschiedlichen Zugangsvoraussetzungen teilnehmen. Bestimmte berufliche Vorkenntnisse oder Erfahrungen sind für die Teilnahme an der Maßnahme nicht erforderlich.<br/>Ausnahmeregelungen erfolgen in Abstimmung mit dem JC/der Arbeitsagentur oder der optierenden Kommune. Grundlegende Deutschsprachkenntnisse (Niveau A2 GER) werden vorausgesetzt.</p><br/><br/><p>Allen Interessierten stehen wir in einem persönlichen Gespräch zur Abklärung ihrer individuellen Teilnahmevoraussetzungen zur Verfügung.</p>,bildungsanbieter,not sent,https://www.ibb.com/kurs-fuer-arbeitssuchende/S-2370-6?utm_source=Kursnet&utm_medium=Link_Kurs&utm_campaign=Kursnet&utm_term=S-2370-6
Grundlagen für Wirtschafts- und Dienstleistungsberufe inkl. moderne Arbeitswelt,WBS TRAINING SE,info@wbstraining.de,<p>abgeschlossene Berufsausbildung oder mehrjährige Berufserfahrung (für Teilnehmende ohne formalen Berufsabschluss)</p>,bildungsanbieter,not sent,https://www.wbstraining.de/kn/grundlagen-wirtschafts-dienstleistungsberufe/
"Mediengestalter Digital und Print - Vorbereitung auf die IHK-Prüfung, Fachrichtung Digitalmedien",COMCAVE.COLLEGE GmbH,anfrage@comcave.com,"<ul><li> Die Zulassung zur IHK-Abschlussprüfung muss vorliegen.</li><li> Deutsch in Wort und Schrift.</li><li> Persönliches Eignungsgespräch im Rahmen der Fachberatung.</li></ul><p>Ausnahmen sind in Absprache mit COMCAVE und dem jeweiligen Kostenträger, zum Beispiel der Agentur für Arbeit oder dem Jobcenter, möglich. Des Weiteren gelten die Zugangsvoraussetzungen des Kostenträgers.</p>",bildungsanbieter,not sent,https://www.comcave.de/weiterbildung/bewerbungstraining-vorbereitung/vorbereitungskurse/vorbereitung-ihk-pruefung-mediengestalter-digitalmedien/?utm_campaign=weiterbildung&utm_source=kursnet
Erwerb von Grundkompetenzen - IT-Kompetenz (PC - Computer Grundlagen; Browser und Microsoft Outlook),Ihr JobCoach. Gesellschaft für Erwachsenenbildung mbH,info@Ihr-JobCoach.de,"<p>Bestimmte berufliche Vorkenntnisse oder Erfahrungen sind für eine Teilnahme nicht erforderlich. Um unser Angebot individuell auf Ihre Bedürfnisse zuschneiden zu können, führen wir mit Ihnen vorab ein persönliches Beratungsgespräch. Ausnahmeregelungen erfolgen in Abstimmung mit dem Jobcenter bzw. der Arbeitsagentur oder der optierenden Kommune.</p>",bildungsanbieter,not sent,https://ihr-jobcoach.de/viona/?utm_source=Kursnet&utm_campaign=Kursnet&utm_medium=Link_Kurs&utm_term=S-2368-H-6#/kurs-fuer-arbeitssuchende/S-2368-H-6
Vorbereitung auf eine Mediengestalter-Umschulung - Schwerpunkt: Tools in der Mediengestaltung - Basis,IBB Institut für Berufliche Bildung GmbH,kundencenter-kursnet@ibb.com,"<p>Besondere Teilnahmevoraussetzungen sind nicht nötig, da die konkreten Inhalte und Schwerpunkte individuell auf jeden Teilnehmer, seinen Bedarf und seine Vorkenntnisse abgestimmt werden.</p><p>Allen Interessierten stehen wir in einem persönlichen Gespräch zur Abklärung ihrer individuellen Teilnahmevoraussetzungen zur Verfügung.</p>",bildungsanbieter,not sent,https://www.ibb.com/kurs-fuer-arbeitssuchende/ZU-X-4412-1?utm_source=Kursnet&utm_medium=Link_Kurs&utm_campaign=Kursnet&utm_term=ZU-X-4412-1
"Automobilkauffrau, Automobilkaufmann - Vorbereitung auf die IHK-Prüfung",COMCAVE.COLLEGE GmbH,anfrage@comcave.com,"<ul><li> Die Zulassung zur IHK-Abschlussprüfung muss vorliegen.</li><li> Deutsch in Wort und Schrift.</li><li> Persönliches Eignungsgespräch im Rahmen der Fachberatung.</li></ul><p>Ausnahmen sind in Absprache mit COMCAVE und dem jeweiligen Kostenträger, zum Beispiel der Agentur für Arbeit oder dem Jobcenter, möglich. Des Weiteren gelten die Zugangsvoraussetzungen des Kostenträgers.</p>",bildungsanbieter,not sent,https://www.comcave.de/weiterbildung/bewerbungstraining-vorbereitung/vorbereitungskurse/vorbereitung-ihk-pruefung-automobilkaufmann-automobilkauffrau/?utm_campaign=weiterbildung&utm_source=kursnet
"Kaufmann, Kauffrau für Büromanagement - Vorbereitung auf die IHK-Prüfung",COMCAVE.COLLEGE GmbH,anfrage@comcave.com,"<ul><li> Die Zulassung zur IHK-Abschlussprüfung muss vorliegen.</li><li> Deutsch in Wort und Schrift.</li><li> Persönliches Eignungsgespräch im Rahmen der Fachberatung.</li></ul><p>Ausnahmen sind in Absprache mit COMCAVE und dem jeweiligen Kostenträger, zum Beispiel der Agentur für Arbeit oder dem Jobcenter, möglich. Des Weiteren gelten die Zugangsvoraussetzungen des Kostenträgers.</p>",bildungsanbieter,not sent,https://www.comcave.de/weiterbildung/bewerbungstraining-vorbereitung/vorbereitungskurse/vorbereitung-ihk-pruefung-kaufmann-kauffrau-bueromanagement/?utm_campaign=weiterbildung&utm_source=kursnet
"Kaufmann, Kauffrau für Marketingkommunikation - Vorbereitung auf die IHK-Prüfung",COMCAVE.COLLEGE GmbH,anfrage@comcave.com,"<ul><li> Die Zulassung zur IHK-Abschlussprüfung muss vorliegen.</li><li> Deutsch in Wort und Schrift.</li><li> Persönliches Eignungsgespräch im Rahmen der Fachberatung.</li></ul><p>Ausnahmen sind in Absprache mit COMCAVE und dem jeweiligen Kostenträger, zum Beispiel der Agentur für Arbeit oder dem Jobcenter, möglich. Des Weiteren gelten die Zugangsvoraussetzungen des Kostenträgers.</p>",bildungsanbieter,not sent,https://www.comcave.de/weiterbildung/bewerbungstraining-vorbereitung/vorbereitungskurse/vorbereitung-ihk-pruefung-kaufmann-kauffrau-marketingkommunikation/?utm_campaign=weiterbildung&utm_source=kursnet
Erwerb von Grundkompetenzen: Vermittlung berufsübergreifender Grundkompetenzen,Akademie Überlingen,kursnet-management@a-ue.de,<p>vorab Beratungs- und Eignungsgespräch</p>,bildungsanbieter,not sent,https://www.akademie-ueberlingen.de/kurs-basisdaten/erwerb-von-grundkompetenzen/
Fachinformatiker Anwendungsentwicklung - Vorbereitung auf die IHK-Prüfung,COMCAVE.COLLEGE GmbH,anfrage@comcave.com,"<ul><li> Die Zulassung zur IHK-Abschlussprüfung muss vorliegen.</li><li> Deutsch in Wort und Schrift.</li><li> Persönliches Eignungsgespräch im Rahmen der Fachberatung.</li></ul><p>Ausnahmen sind in Absprache mit COMCAVE und dem jeweiligen Kostenträger, zum Beispiel der Agentur für Arbeit oder dem Jobcenter, möglich. Des Weiteren gelten die Zugangsvoraussetzungen des Kostenträgers.</p>",bildungsanbieter,not sent,https://www.comcave.de/weiterbildung/bewerbungstraining-vorbereitung/vorbereitungskurse/vorbereitung-ihk-pruefung-fachinformatiker-anwendungsentwicklung/?utm_campaign=weiterbildung&utm_source=kursnet
Vorbereitung auf eine IT-Umschulung - Schwerpunkt: Sprachfestigung auf Englisch B1-Niveau + IT-Facherprobung in einem Grundlagenfach Fachinformatiker,IBB Institut für Berufliche Bildung GmbH,kundencenter-kursnet@ibb.com,<p>Vorausgesetzt werden Sprachkenntnisse auf dem Niveau Englisch A2 und Deutsch B2.</p><p>Allen Interessierten stehen wir in einem persönlichen Gespräch zur Abklärung ihrer individuellen Teilnahmevoraussetzungen zur Verfügung.</p>,bildungsanbieter,not sent,https://www.ibb.com/kurs-fuer-arbeitssuchende/ZU-S-4009-1?utm_source=Kursnet&utm_medium=Link_Kurs&utm_campaign=Kursnet&utm_term=ZU-S-4009-1
"Kaufmann für Groß- und Außenhandelsmanagement, Fachrichtung (Außenhandel) - Vorbereitung auf die IHK-Prüfung",COMCAVE.COLLEGE GmbH,anfrage@comcave.com,"<ul><li> Die Zulassung zur IHK-Abschlussprüfung muss vorliegen.</li><li> Deutsch in Wort und Schrift.</li><li> Persönliches Eignungsgespräch im Rahmen der Fachberatung.</li></ul><p>Ausnahmen sind in Absprache mit COMCAVE und dem jeweiligen Kostenträger, zum Beispiel der Agentur für Arbeit oder dem Jobcenter, möglich. Des Weiteren gelten die Zugangsvoraussetzungen des Kostenträgers.</p>",bildungsanbieter,not sent,https://www.comcave.de/weiterbildung/bewerbungstraining-vorbereitung/vorbereitungskurse/vorbereitung-ihk-pruefung-kauffrau-kaufmann-gross-aussenhandelsmanagement-aussenhandel/?utm_campaign=weiterbildung&utm_source=kursnet
Grundlagen für Wirtschafts- und Dienstleistungsberufe inkl. moderne Arbeitswelt und Grundlagen der Buchhaltung,WBS TRAINING SE,info@wbstraining.de,<p>abgeschlossene Berufsausbildung oder mehrjährige Berufserfahrung (für Teilnehmende ohne formalen Berufsabschluss)</p>,bildungsanbieter,not sent,https://www.wbstraining.de/kn/grundlagen-wirtschafts-dienstleistungsberufe/
"Kauffrau, Kaufmann für Spedition- und Logistikdienstleistung - Vorbereitung auf die IHK-Prüfung",COMCAVE.COLLEGE GmbH,anfrage@comcave.com,"<ul><li> Die Zulassung zur IHK-Abschlussprüfung muss vorliegen.</li><li> Deutsch in Wort und Schrift.</li><li> Persönliches Eignungsgespräch im Rahmen der Fachberatung.</li></ul><p>Ausnahmen sind in Absprache mit COMCAVE und dem jeweiligen Kostenträger, zum Beispiel der Agentur für Arbeit oder dem Jobcenter, möglich. Des Weiteren gelten die Zugangsvoraussetzungen des Kostenträgers.</p>",bildungsanbieter,not sent,https://www.comcave.de/weiterbildung/bewerbungstraining-vorbereitung/vorbereitungskurse/vorbereitung-ihk-pruefung-kauffrau-kaufmann-spedition-logistikdienstleistung/?utm_campaign=weiterbildung&utm_source=kursnet
Erwerb von Grundkompetenzen - IT-Kompetenz (Microsoft Word - Textverarbeitung und Microsoft PowerPoint - Präsentationen),IBB Institut für Berufliche Bildung GmbH,kundencenter-kursnet@ibb.com,"<p>Bestimmte berufliche Vorkenntnisse oder Erfahrungen sind für eine Teilnahme nicht erforderlich. Um unser Angebot individuell auf Ihre Bedürfnisse zuschneiden zu können, führen wir mit Ihnen vorab ein persönliches Beratungsgespräch. Ausnahmeregelungen erfolgen in Abstimmung mit dem Jobcenter bzw. der Arbeitsagentur oder der optierenden Kommune.</p><p>Allen Interessierten stehen wir in einem persönlichen Gespräch zur Abklärung ihrer individuellen Teilnahmevoraussetzungen zur Verfügung.</p>",bildungsanbieter,not sent,https://www.ibb.com/kurs-fuer-arbeitssuchende/S-2368-J-5?utm_source=Kursnet&utm_medium=Link_Kurs&utm_campaign=Kursnet&utm_term=S-2368-J-5
Erwerb von Grundkompetenzen - IT-Kompetenz (PC - Computer Grundlagen; Browser und Microsoft Outlook),IBB Institut für Berufliche Bildung GmbH,kundencenter-kursnet@ibb.com,"<p>Bestimmte berufliche Vorkenntnisse oder Erfahrungen sind für eine Teilnahme nicht erforderlich. Um unser Angebot individuell auf Ihre Bedürfnisse zuschneiden zu können, führen wir mit Ihnen vorab ein persönliches Beratungsgespräch. Ausnahmeregelungen erfolgen in Abstimmung mit dem Jobcenter bzw. der Arbeitsagentur oder der optierenden Kommune.</p><p>Allen Interessierten stehen wir in einem persönlichen Gespräch zur Abklärung ihrer individuellen Teilnahmevoraussetzungen zur Verfügung.</p>",bildungsanbieter,not sent,https://www.ibb.com/kurs-fuer-arbeitssuchende/S-2368-H-6?utm_source=Kursnet&utm_medium=Link_Kurs&utm_campaign=Kursnet&utm_term=S-2368-H-6
"Betreuungskraft nach §§ 43b, 53b SGB XI mit Zusatzqualifikation Demenz verstehen",IBB Institut für Berufliche Bildung GmbH,kundencenter-kursnet@ibb.com,"<p>Teilnehmende sollten soziale Kompetenz, Empathie-Fähigkeit, hohe Belastbarkeit sowie Wahrnehmungsfähigkeit und Beobachtungsgabe aufweisen. Sie müssen sich in einem mindestens fünftägigen Praktikum VOR Beginn des Kurses erproben. Hierbei finden Sie heraus, ob Ihnen die Arbeit mit demenzerkrankten, körperlich beeinträchtigten oder geistig behinderten Menschen Freude bereitet. Computer-Kenntnisse sind unbedingt sicherzustellen. Die Deutschkenntnisse sollten sich auf muttersprachlichem Niveau bewegen (mind. Niveau B2 - ggf. Einstufungstest).</p><p>Allen Interessierten stehen wir in einem persönlichen Gespräch zur Abklärung ihrer individuellen Teilnahmevoraussetzungen zur Verfügung.</p>",bildungsanbieter,not sent,https://www.ibb.com/kurs-fuer-arbeitssuchende/Z-P-7120?utm_source=Kursnet&utm_medium=Link_Kurs&utm_campaign=Kursnet&utm_term=Z-P-7120
Erwerb von Grundkompetenzen - Grundwissen Mathematik (Grundrechenarten & Zins- und Prozentrechnung),IBB Institut für Berufliche Bildung GmbH,kundencenter-kursnet@ibb.com,<p>An der Maßnahme können Teilnehmer mit unterschiedlichen Zugangsvoraussetzungen teilnehmen. Bestimmte berufliche Vorkenntnisse oder Erfahrungen sind für die Teilnahme an der Maßnahme nicht erforderlich.<br/>Ausnahmeregelungen erfolgen in Abstimmung mit dem JC/der Arbeitsagentur oder der optierenden Kommune. Grundlegende Deutschsprachkenntnisse (Niveau A2 GER) werden vorausgesetzt.</p><br/><br/><p>Allen Interessierten stehen wir in einem persönlichen Gespräch zur Abklärung ihrer individuellen Teilnahmevoraussetzungen zur Verfügung.</p>,bildungsanbieter,not sent,https://www.ibb.com/kurs-fuer-arbeitssuchende/S-2368-C-6?utm_source=Kursnet&utm_medium=Link_Kurs&utm_campaign=Kursnet&utm_term=S-2368-C-6
"Vorbereitung auf eine Umschulung (kaufmännisch, Lagerlogistik, Schutz und Sicherheit) mit Schwerpunkt EDV-Grundlagen und Textverarbeitung",Fortbildungsakademie der Wirtschaft (FAW) gGmbH,beratung@online-weiterbilden.com,<p>Vorausgesetzt werden Deutschkenntnisse auf dem Niveau Deutsch B.2.</p>,bildungsanbieter,not sent,https://www.faw.de/r/ibb?utm_source=Kursnet&utm_campaign=Kursnet&utm_medium=Link_Kurs&utm_term=ZU-K-4046-1
"Seniorenbetreuer:in - Aufbaukurs für Betreuungskraft nach §§ 43b, 53b SGB XI",Berufliche Fortbildungszentren der Bayerischen Wirtschaft (bfz) gGmbH,beratung@bfz.de,"<p>Dieses Modul setzt eine abgeschlossene Weiterbildung als Betreuungskraft gemäß§§ 43b, 53b SGB XI voraus.</p>",bildungsanbieter,not sent,https://www.bfz.de/r/ibb?utm_source=Kursnet&utm_campaign=Kursnet&utm_medium=Link_Kurs&utm_term=P-3904-2
Fachkraft - Küche,ReAL gGmbH,o.meier@real-verbund.de,keine Angabe,bildungsanbieter,not sent,
Immobilienkaufmann - Vorbereitung auf die IHK-Prüfung,COMCAVE.COLLEGE GmbH,anfrage@comcave.com,"<ul><li> Die Zulassung zur IHK-Abschlussprüfung muss vorliegen.</li><li> Deutsch in Wort und Schrift.</li><li> Persönliches Eignungsgespräch im Rahmen der Fachberatung.</li></ul><p>Ausnahmen sind in Absprache mit COMCAVE und dem jeweiligen Kostenträger, zum Beispiel der Agentur für Arbeit oder dem Jobcenter, möglich. Des Weiteren gelten die Zugangsvoraussetzungen des Kostenträgers.</p>",bildungsanbieter,not sent,https://www.comcave.de/weiterbildung/bewerbungstraining-vorbereitung/vorbereitungskurse/vorbereitung-ihk-pruefung-immobilienkaufmann-immobilienkauffrau/?utm_campaign=weiterbildung&utm_source=kursnet
Grundkompetenzen mit Deutsch - Grundlagen für den Beruf,TÜV Rheinland Akademie GmbH I,servicecenter@de.tuv.com,<p>Für diesen Kurs benötigen Sie keine besonderen Zugangsvoraussetzungen.</p>,bildungsanbieter,not sent,https://kurse.tuv.com/weiterbildung/grundkompetenzen-deutsch-grundlagen-den-beruf?wt_mc=DE25_A06_MYNOW_EL_Textlink_&cpid=DE25_A06_MYNOW_EL&utm_medium=Textlink&utm_source=Externallink&utm_id=DE25_A06_MYNOW_EL&utm_content=Textlink_&utm_campaign=mynow&utm_term=NonPaid
"Automobilkauffrau, Automobilkaufmann - Vorbereitung auf die IHK-Prüfung",COMCAVE.COLLEGE GmbH,anfrage@comcave.com,"<ul><li> Die Zulassung zur IHK-Abschlussprüfung muss vorliegen.</li><li> Deutsch in Wort und Schrift.</li><li> Persönliches Eignungsgespräch im Rahmen der Fachberatung.</li></ul><p>Ausnahmen sind in Absprache mit COMCAVE und dem jeweiligen Kostenträger, zum Beispiel der Agentur für Arbeit oder dem Jobcenter, möglich. Des Weiteren gelten die Zugangsvoraussetzungen des Kostenträgers.</p>",bildungsanbieter,not sent,https://www.comcave.de/weiterbildung/bewerbungstraining-vorbereitung/vorbereitungskurse/vorbereitung-ihk-pruefung-automobilkaufmann-automobilkauffrau/?utm_campaign=weiterbildung&utm_source=kursnet
Pflegefachkraft,Private Berufsbildende Schule Alezy des DRK-Landesverbandes Rheinland-Pfalz e.V.,sekretariat@bbs.drk-rlp.de,"<p>Realschulabschluss oder ein anderer als gleichwertig anerkannter Bildungsabschluss Hauptschulabschluss, wenn zusätzlich eine der folgenden Bedingungen erfüllt ist:</p><p>mindestens zweijährige Berufsausbildung<br/>oder eine erfolgreich abgeschlossene Ausbildung von mindestens einjähriger Dauer in der Alten- oder Krankenpflegehilfe<br/>Falls Du Dir unsicher bist, ob Du die Voraussetzung erfüllst, dann frag uns einfach. Wir sind gerne unter der Telefonnummer 06731 9997865 für Dich da.</p>",bildungsanbieter,not sent,https://www.bbs-drk.de/pflegefachkraft
Beruflicher Einstieg in die IT - Vorbereitung auf eine Umschulung,CBW College Berufliche Weiterbildung GmbH,info@cbw-hamburg.de,keine Angabe,bildungsanbieter,not sent,https://www.cbw-weiterbildung.de/gefoerderte-weiterbildung/vorbereitungskurse-umschulungen-weiterbildungen/vorbereitung-auf-it-umschulungen-3-1/alle-standorte.html
Erwerb von Grundkompetenzen: Vermittlung fachbezogener Grundkompetenzen,Akademie Überlingen,kursnet-management@a-ue.de,<p>vorab Beratungs- und Eignungsgespräch</p>,bildungsanbieter,not sent,https://www.akademie-ueberlingen.de/kurs-basisdaten/erwerb-von-grundkompetenzen/
Sport- und Fitnesskaufmann - Vorbereitung auf die IHK-Prüfung,COMCAVE.COLLEGE GmbH,anfrage@comcave.com,"<ul><li> Die Zulassung zur IHK-Abschlussprüfung muss vorliegen.</li><li> Deutsch in Wort und Schrift.</li><li> Persönliches Eignungsgespräch im Rahmen der Fachberatung.</li></ul><p>Ausnahmen sind in Absprache mit COMCAVE und dem jeweiligen Kostenträger, zum Beispiel der Agentur für Arbeit oder dem Jobcenter, möglich. Des Weiteren gelten die Zugangsvoraussetzungen des Kostenträgers.</p>",bildungsanbieter,not sent,https://www.comcave.de/weiterbildung/bewerbungstraining-vorbereitung/vorbereitungskurse/vorbereitung-ihk-pruefung-sport-fitnesskauffrau-fitnesskaufmann/?utm_campaign=weiterbildung&utm_source=kursnet
Schwesternhelfer / Pflegehelfer zum Betreuungsassistent mit eingeschränkter Alltagskompetenz nach §53b SGB XI,TERTIA Berufsförderung GmbH & Co. KG,schnittstelle@tertia.de,keine Angabe,bildungsanbieter,not sent,https://www.tertia.de/tobi_betreuungsassistentin/
Vorbereitung auf eine IT-Umschulung - Schwerpunkte: Vorbereitung der drei IT-Grundlagenfächer,SBW Aus- und Fortbildungsgesellschaft für Wirtschaft und Verwaltung GmbH,viona@sbwbildung.de,<p>Vorausgesetzt werden Deutschkenntnisse auf dem Niveau Deutsch B2 und Englisch B1.</p>,bildungsanbieter,not sent,https://www.sbwbildung.de/viona?utm_source=Kursnet&utm_campaign=Kursnet&utm_medium=Link_Kurs&utm_term=ZU-E-4004-1#/kurs-fuer-arbeitssuchende/ZU-E-4004-1
"Seniorenbetreuer:in - Aufbaukurs für Betreuungskraft nach §§ 43b, 53b SGB XI",Bildungsinsel GmbH,info@bildungsinsel.de,"<p>Dieses Modul setzt eine abgeschlossene Weiterbildung als Betreuungskraft gemäß§§ 43b, 53b SGB XI voraus.</p>",bildungsanbieter,not sent,https://www.bildungsinsel.de/virtuelle-online-akademie/?utm_source=Kursnet&utm_campaign=Kursnet&utm_medium=Link_Kurs&utm_term=P-3904-2#/kurs-fuer-arbeitssuchende/P-3904-2
Schwesternhelfer / Pflegehelfer zum Betreuungsassistent mit eingeschränkter Alltagskompetenz nach §53b SGB XI,TERTIA Berufsförderung GmbH & Co. KG,schnittstelle@tertia.de,keine Angabe,bildungsanbieter,not sent,https://www.tertia.de/tobi_betreuungsassistentin/
Pharmazeutisch-technische/r Assistent/in (PTA),Ludwig Fresenius Schulen,beratung@ludwig-fresenius.de,<p>Mittlerer Bildungsabschluss (z. B. Realschulabschluss) bzw. gleichwertige Vorbildung oder Hauptschulabschluss mit mindestens zweijähriger Berufsausbildung</p>,bildungsanbieter,not sent,https://www.ludwig-fresenius.de/ausbildung/pharmazeutisch-technische-assistenten-pta/?crmid=aBcNRnnOcJaAaArbAaA
Vorbereitung auf eine IT-Umschulung - mit einem wesentlichen FIAE-Hauptfach,IBB Institut für Berufliche Bildung GmbH,kundencenter-kursnet@ibb.com,<p>Vorausgesetzt werden Deutschkenntnisse auf dem Niveau Deutsch B2 und Englisch B1.</p><p>Allen Interessierten stehen wir in einem persönlichen Gespräch zur Abklärung ihrer individuellen Teilnahmevoraussetzungen zur Verfügung.</p>,bildungsanbieter,not sent,https://www.ibb.com/kurs-fuer-arbeitssuchende/ZU-E-4006-1?utm_source=Kursnet&utm_medium=Link_Kurs&utm_campaign=Kursnet&utm_term=ZU-E-4006-1
"Mediengestalter Digital und Print - Vorbereitung auf die IHK-Prüfung, Fachrichtung Digitalmedien",COMCAVE.COLLEGE GmbH,anfrage@comcave.com,"<ul><li> Die Zulassung zur IHK-Abschlussprüfung muss vorliegen.</li><li> Deutsch in Wort und Schrift.</li><li> Persönliches Eignungsgespräch im Rahmen der Fachberatung.</li></ul><p>Ausnahmen sind in Absprache mit COMCAVE und dem jeweiligen Kostenträger, zum Beispiel der Agentur für Arbeit oder dem Jobcenter, möglich. Des Weiteren gelten die Zugangsvoraussetzungen des Kostenträgers.</p>",bildungsanbieter,not sent,https://www.comcave.de/weiterbildung/bewerbungstraining-vorbereitung/vorbereitungskurse/vorbereitung-ihk-pruefung-mediengestalter-digitalmedien/?utm_campaign=weiterbildung&utm_source=kursnet
Erwerb von Grundkompetenzen - Grundwissen Mathematik (Anwendung von Zahlen & Zins- und Prozentrechnung),IBB Institut für Berufliche Bildung GmbH,kundencenter-kursnet@ibb.com,<p>An der Maßnahme können Teilnehmer mit unterschiedlichen Zugangsvoraussetzungen teilnehmen. Bestimmte berufliche Vorkenntnisse oder Erfahrungen sind für die Teilnahme an der Maßnahme nicht erforderlich.<br/>Ausnahmeregelungen erfolgen in Abstimmung mit dem JC/der Arbeitsagentur oder der optierenden Kommune. Grundlegende Deutschsprachkenntnisse (Niveau A2 GER) werden vorausgesetzt.</p><br/><br/><p>Allen Interessierten stehen wir in einem persönlichen Gespräch zur Abklärung ihrer individuellen Teilnahmevoraussetzungen zur Verfügung.</p>,bildungsanbieter,not sent,https://www.ibb.com/kurs-fuer-arbeitssuchende/S-2368-D-6?utm_source=Kursnet&utm_medium=Link_Kurs&utm_campaign=Kursnet&utm_term=S-2368-D-6
"Seniorenbetreuer:in - Aufbaukurs für Betreuungskraft nach §§ 43b, 53b SGB XI",Reha & Beruf gGmbH,onlineakademie@rehaundberuf.de,"<p>Dieses Modul setzt eine abgeschlossene Weiterbildung als Betreuungskraft gemäß§§ 43b, 53b SGB XI voraus.</p>",bildungsanbieter,not sent,https://rehaundberuf.de/onlineakademie/fort-weiterbildung/?utm_source=Kursnet&utm_campaign=Kursnet&utm_medium=Link_Kurs&utm_term=P-3904-2#/kurs-fuer-arbeitssuchende/P-3904-2
Nachprüfungsvorbereitung der Umschulung Personaldienstleistungskaufmann/-frau,WBS TRAINING SE,info@wbstraining.de,<p>Die Zulassungsvoraussetzungen für die Abschlussprüfung müssen erfüllt sein (z. B. durch Absolvieren des Praktikums und Lerninhalte der AO).</p>,bildungsanbieter,not sent,https://www.wbstraining.de/kn/nachpruefung-umschulung-personaldienstleistung/
Erwerb von Grundkompetenzen,IBB Institut für Berufliche Bildung GmbH,kundencenter-kursnet@ibb.com,<p>An der Maßnahme können Teilnehmer mit unterschiedlichen Zugangsvoraussetzungen teilnehmen. Bestimmte berufliche Vorkenntnisse oder Erfahrungen sind für die Teilnahme an der Maßnahme nicht erforderlich.<br/>Ausnahmeregelungen erfolgen in Abstimmung mit dem JC/der Arbeitsagentur oder der optierenden Kommune. Grundlegende Deutschsprachkenntnisse (Niveau A2 GER) werden vorausgesetzt.</p><br/><br/><p>Allen Interessierten stehen wir in einem persönlichen Gespräch zur Abklärung ihrer individuellen Teilnahmevoraussetzungen zur Verfügung.</p>,bildungsanbieter,not sent,https://www.ibb.com/kurs-fuer-arbeitssuchende/S-2370-6?utm_source=Kursnet&utm_medium=Link_Kurs&utm_campaign=Kursnet&utm_term=S-2370-6
Immobilienkaufmann - Vorbereitung auf die IHK-Prüfung,COMCAVE.COLLEGE GmbH,anfrage@comcave.com,"<ul><li> Die Zulassung zur IHK-Abschlussprüfung muss vorliegen.</li><li> Deutsch in Wort und Schrift.</li><li> Persönliches Eignungsgespräch im Rahmen der Fachberatung.</li></ul><p>Ausnahmen sind in Absprache mit COMCAVE und dem jeweiligen Kostenträger, zum Beispiel der Agentur für Arbeit oder dem Jobcenter, möglich. Des Weiteren gelten die Zugangsvoraussetzungen des Kostenträgers.</p>",bildungsanbieter,not sent,https://www.comcave.de/weiterbildung/bewerbungstraining-vorbereitung/vorbereitungskurse/vorbereitung-ihk-pruefung-immobilienkaufmann-immobilienkauffrau/?utm_campaign=weiterbildung&utm_source=kursnet
"Betreuungskraft nach §§ 43b, 53b SGB XI mit Zusatzqualifikation Demenz verstehen",IBB Institut für Berufliche Bildung GmbH,kundencenter-kursnet@ibb.com,"<p>Teilnehmende sollten soziale Kompetenz, Empathie-Fähigkeit, hohe Belastbarkeit sowie Wahrnehmungsfähigkeit und Beobachtungsgabe aufweisen. Sie müssen sich in einem mindestens fünftägigen Praktikum VOR Beginn des Kurses erproben. Hierbei finden Sie heraus, ob Ihnen die Arbeit mit demenzerkrankten, körperlich beeinträchtigten oder geistig behinderten Menschen Freude bereitet. Computer-Kenntnisse sind unbedingt sicherzustellen. Die Deutschkenntnisse sollten sich auf muttersprachlichem Niveau bewegen (mind. Niveau B2 - ggf. Einstufungstest).</p><p>Allen Interessierten stehen wir in einem persönlichen Gespräch zur Abklärung ihrer individuellen Teilnahmevoraussetzungen zur Verfügung.</p>",bildungsanbieter,not sent,https://www.ibb.com/kurs-fuer-arbeitssuchende/Z-P-7120?utm_source=Kursnet&utm_medium=Link_Kurs&utm_campaign=Kursnet&utm_term=Z-P-7120
Fachinformatiker Anwendungsentwicklung - Vorbereitung auf die IHK-Prüfung,COMCAVE.COLLEGE GmbH,anfrage@comcave.com,"<ul><li> Die Zulassung zur IHK-Abschlussprüfung muss vorliegen.</li><li> Deutsch in Wort und Schrift.</li><li> Persönliches Eignungsgespräch im Rahmen der Fachberatung.</li></ul><p>Ausnahmen sind in Absprache mit COMCAVE und dem jeweiligen Kostenträger, zum Beispiel der Agentur für Arbeit oder dem Jobcenter, möglich. Des Weiteren gelten die Zugangsvoraussetzungen des Kostenträgers.</p>",bildungsanbieter,not sent,https://www.comcave.de/weiterbildung/bewerbungstraining-vorbereitung/vorbereitungskurse/vorbereitung-ihk-pruefung-fachinformatiker-anwendungsentwicklung/?utm_campaign=weiterbildung&utm_source=kursnet
"Kauffrau, Kaufmann im Gesundheitswesen - Vorbereitung auf die IHK-Prüfung",COMCAVE.COLLEGE GmbH,anfrage@comcave.com,"<ul><li> Die Zulassung zur IHK-Abschlussprüfung muss vorliegen.</li><li> Deutsch in Wort und Schrift.</li><li> Persönliches Eignungsgespräch im Rahmen der Fachberatung.</li></ul><p>Ausnahmen sind in Absprache mit COMCAVE und dem jeweiligen Kostenträger, zum Beispiel der Agentur für Arbeit oder dem Jobcenter, möglich. Des Weiteren gelten die Zugangsvoraussetzungen des Kostenträgers.</p>",bildungsanbieter,not sent,https://www.comcave.de/weiterbildung/bewerbungstraining-vorbereitung/vorbereitungskurse/vorbereitung-ihk-pruefung-kaufmann-kauffrau-gesundheitswesen/?utm_campaign=weiterbildung&utm_source=kursnet
Fachpraktiker/-in Maler/-in und Lackierer/ -in,DIAKOVERE Annastift Leben und Lernen gGmbH Berufsbildungswerk,Berufsbildungswerk@diakovere.de,keine Angabe,bildungsanbieter,not sent,http://www.annastift-berufsbildungswerk.de
Erwerb von Grundkompetenzen - IT-Kompetenz (Microsoft Word - Textverarbeitung und Microsoft Excel - Tabellenkalkulation),Berufliche Fortbildungszentren der Bayerischen Wirtschaft (bfz) gGmbH,beratung@bfz.de,"<p>Bestimmte berufliche Vorkenntnisse oder Erfahrungen sind für eine Teilnahme nicht erforderlich. Um unser Angebot individuell auf Ihre Bedürfnisse zuschneiden zu können, führen wir mit Ihnen vorab ein persönliches Beratungsgespräch. Ausnahmeregelungen erfolgen in Abstimmung mit dem Jobcenter bzw. der Arbeitsagentur oder der optierenden Kommune.</p>",bildungsanbieter,not sent,https://www.bfz.de/r/ibb?utm_source=Kursnet&utm_campaign=Kursnet&utm_medium=Link_Kurs&utm_term=S-2368-I-5
"Vorbereitung auf eine Umschulung (kaufmännisch, Lagerlogistik, Schutz und Sicherheit) mit Schwerpunkt Sprachfestigung auf Englisch A2/ B1-Niveau",IBB Institut für Berufliche Bildung GmbH,kundencenter-kursnet@ibb.com,<p>Vorausgesetzt werden Deutschkenntnisse auf dem Sprachniveau B1.1.</p><p>Allen Interessierten stehen wir in einem persönlichen Gespräch zur Abklärung ihrer individuellen Teilnahmevoraussetzungen zur Verfügung.</p>,bildungsanbieter,not sent,https://www.ibb.com/kurs-fuer-arbeitssuchende/ZU-S-4045-1?utm_source=Kursnet&utm_medium=Link_Kurs&utm_campaign=Kursnet&utm_term=ZU-S-4045-1
Vorbereitung auf eine IT-Umschulung - Intensiver Grundlagenaufbau und Vorbereitung der IT-Grundlagenfächer,TERTIA Berufsförderung GmbH & Co. KG,info@tertia.de,<p>Vorausgesetzt werden Deutschkenntnisse auf dem Niveau Deutsch B2 und Englisch B1.</p>,bildungsanbieter,not sent,https://www.viona.online/kursdetail/zu-e-4002?utm_source=Kursnet&utm_campaign=Kursnet&utm_medium=Link_Kurs&utm_term=ZU-E-4002-2_TERTIA
Nachprüfungsvorbereitung Teil II der Umschulung Kaufmann/- frau Büromanagement,WBS TRAINING SE,info@wbstraining.de,<p>Die Zulassungsvoraussetzungen für die Abschlussprüfung müssen erfüllt sein (z. B. durch Absolvieren des Praktikums und Lerninhalte der AO).</p>,bildungsanbieter,not sent,https://www.wbstraining.de/kn/nachpruefung-ii-umschulung-bueromanagement/
Basistraining für angehende Fachinformatiker/innen,cpi consulting + training GmbH,anfrage@cpi.de,"<ul><li> Deutsch in Wort und Schrift.</li><li> Gute PC-Kenntnisse.</li><li> Persönliches Eignungsgespräch im Rahmen der Fachberatung.</li></ul><p>Ausnahmen sind in Absprache mit CPI und dem jeweiligen Kostenträger, zum Beispiel der Agentur für Arbeit oder dem Jobcenter, möglich. Des Weiteren gelten die Zugangsvoraussetzungen des Kostenträgers.</p>",bildungsanbieter,not sent,https://www.cpi.de/kursnet/basistraining-fuer-angehende-fachinformatiker/?utm_campaign=weiterbildung&utm_source=kursnet
Nachprüfungsvorbereitung Teil I der Umschulung Fachinformatiker Anwendungsentwicklung (w/m/d),WBS TRAINING SE,info@wbstraining.de,<p>Die Zulassungsvoraussetzungen für die Abschlussprüfung müssen erfüllt sein (z. B. durch Absolvieren des Praktikums und Lerninhalte der AO).</p>,bildungsanbieter,not sent,https://www.wbstraining.de/kn/nachpruefung-umschulung-fi-anwendungsentwicklung/
Erwerb von Grundkompetenzen - Mathe lernen,bfw - Unternehmen für Bildung.,meinkurs@bfw.de,<p>Beratungsgespräch beim bfw</p>,bildungsanbieter,not sent,
Kaufmann/-frau für Büromanagement,Berufsbildungswerk Bremen gGmbH,aufnahme@bbw-bremen.de,keine Angabe,bildungsanbieter,not sent,
Kinderpfleger/in - Zweijährige Berufsfachschule,Berufskolleg Rheine des Kreises Steinfurt,sekretariat@berufskolleg-rheine.de,<p>Erster Schulabschluss/ Hauptschulabschluss</p>,bildungsanbieter,not sent,https://www.berufskolleg-rheine.de
"Seniorenbetreuer:in - Aufbaukurs für Betreuungskraft nach §§ 43b, 53b SGB XI",IBB Institut für Berufliche Bildung GmbH,kundencenter-kursnet@ibb.com,"<p>Dieses Modul setzt eine abgeschlossene Weiterbildung als Betreuungskraft gemäß§§ 43b, 53b SGB XI voraus.</p><p>Allen Interessierten stehen wir in einem persönlichen Gespräch zur Abklärung ihrer individuellen Teilnahmevoraussetzungen zur Verfügung.</p>",bildungsanbieter,not sent,https://www.ibb.com/kurs-fuer-arbeitssuchende/P-3904-2?utm_source=Kursnet&utm_medium=Link_Kurs&utm_campaign=Kursnet&utm_term=P-3904-2
Tourismuskaufmann - Vorbereitung auf die IHK-Prüfung,COMCAVE.COLLEGE GmbH,anfrage@comcave.com,"<ul><li> Die Zulassung zur IHK-Abschlussprüfung muss vorliegen.</li><li> Deutsch in Wort und Schrift.</li><li> Persönliches Eignungsgespräch im Rahmen der Fachberatung.</li></ul><p>Ausnahmen sind in Absprache mit COMCAVE und dem jeweiligen Kostenträger, zum Beispiel der Agentur für Arbeit oder dem Jobcenter, möglich. Des Weiteren gelten die Zugangsvoraussetzungen des Kostenträgers.</p>",bildungsanbieter,not sent,https://www.comcave.de/weiterbildung/bewerbungstraining-vorbereitung/vorbereitungskurse/vorbereitung-ihk-pruefung-tourismuskauffrau-tourimuskaufmann/?utm_campaign=weiterbildung&utm_source=kursnet
"Betreuungskraft nach §§ 43b, 53b SGB XI mit Computer-Grundlagen und MS Word",IBB Institut für Berufliche Bildung GmbH,kundencenter-kursnet@ibb.com,"<p>Sie müssen sich in einem mindestens fünftägigen Praktikum VOR Beginn des Kurses erproben. Hier sollen Sie als Interessent herausfinden, ob Ihnen die Arbeit mit demenzerkrankten, körperlich beeinträchtigten oder geistig behinderten Menschen Freude bereitet. Computer-Grundlagen sind in diesem Cluster nicht erforderlich, gute sprachliche Verständigung in Deutsch sollten Sie mitbringen.</p><p>Allen Interessierten stehen wir in einem persönlichen Gespräch zur Abklärung ihrer individuellen Teilnahmevoraussetzungen zur Verfügung.</p>",bildungsanbieter,not sent,https://www.ibb.com/kurs-fuer-arbeitssuchende/Z-P-2603-4?utm_source=Kursnet&utm_medium=Link_Kurs&utm_campaign=Kursnet&utm_term=Z-P-2603-4
Vorbereitungskurs kaufmännische / betriebswirtschaftliche Umschulung inkl. Eignungsfeststellung,COMCAVE.COLLEGE GmbH,anfrage@comcave.com,"<ul><li> Deutsch in Wort und Schrift.</li><li> Persönliches Eignungsgespräch im Rahmen der Fachberatung.</li></ul><p>Ausnahmen sind in Absprache mit COMCAVE und dem jeweiligen Kostenträger, zum Beispiel der Agentur für Arbeit oder dem Jobcenter, möglich. Des Weiteren gelten die Zugangsvoraussetzungen des Kostenträgers.</p>",bildungsanbieter,not sent,https://www.comcave.de/weiterbildung/bewerbungstraining-vorbereitung/vorbereitungskurse/vorbereitung-kaufmaennische-betriebswirtschaftliche-umschulung-eignungsfeststellung/?utm_campaign=weiterbildung&utm_source=kursnet
Betreuungsassistent mit eingeschränkter Alltagskompetenz nach §53b SGB XI inkl. optionalem Zusatzmodul Schwesternhelfer / Pflegehelfer,TERTIA Berufsförderung GmbH & Co. KG,schnittstelle@tertia.de,keine Angabe,bildungsanbieter,not sent,https://www.tertia.de/tobi_betreuungsassistentin/
staatlich anerkannte Erzieherin / staatlich anerkannter Erzieher sowie Bachelor Professional in Sozialwesen,Evangelische Fachschule für Sozialpädagogik der Stiftung Großheppacher Schwesternschaft,,keine Angabe,bildungsanbieter,not sent,http://www.fachschule-sozialpädagogik.de
Fachpraktiker/-in im Hochbau,Dr. P. Rahn & Partner Schulen in freier Trägerschaft Rehabilitationsbereich Halle,berufsbildung-halle@rahn.education,keine Angabe,bildungsanbieter,not sent,http://www.rahn.education/Reha-Halle
Grundlagen für Wirtschafts- und Dienstleistungsberufe,WBS TRAINING SE,info@wbstraining.de,<p>abgeschlossene Berufsausbildung oder mehrjährige Berufserfahrung (für Teilnehmende ohne formalen Berufsabschluss)</p>,bildungsanbieter,not sent,https://www.wbstraining.de/kn/grundlagen-wirtschafts-dienstleistungsberufe/
Industriekaufmann - Vorbereitung auf die IHK-Prüfung,COMCAVE.COLLEGE GmbH,anfrage@comcave.com,"<ul><li> Die Zulassung zur IHK-Abschlussprüfung muss vorliegen.</li><li> Deutsch in Wort und Schrift.</li><li> Persönliches Eignungsgespräch im Rahmen der Fachberatung.</li></ul><p>Ausnahmen sind in Absprache mit COMCAVE und dem jeweiligen Kostenträger, zum Beispiel der Agentur für Arbeit oder dem Jobcenter, möglich. Des Weiteren gelten die Zugangsvoraussetzungen des Kostenträgers.</p>",bildungsanbieter,not sent,https://www.comcave.de/weiterbildung/bewerbungstraining-vorbereitung/vorbereitungskurse/vorbereitung-ihk-pruefung-industriekauffrau-industriekaufmann/?utm_campaign=weiterbildung&utm_source=kursnet
"Alltagsbegleiter - Betreuungskraft nach § 43b, 53c SGB XI",COMCAVE.COLLEGE GmbH,anfrage@comcave.com,"<ul><li> Deutsch in Wort und Schrift.</li><li> Persönliches Eignungsgespräch im Rahmen der Fachberatung.</li></ul><p>Ausnahmen sind in Absprache mit COMCAVE und dem jeweiligen Kostenträger, zum Beispiel der Agentur für Arbeit oder dem Jobcenter, möglich. Des Weiteren gelten die Zugangsvoraussetzungen des Kostenträgers.</p>",bildungsanbieter,not sent,https://www.comcave.de/weiterbildung/alltagsbegleiter-betreuungskraft-43b-53c/?utm_campaign=weiterbildung&utm_source=kursnet
Nachprüfungsvorbereitung der Umschulung Industriekaufmann/-frau,WBS TRAINING SE,info@wbstraining.de,<p>Die Zulassungsvoraussetzungen für die Abschlussprüfung müssen erfüllt sein (z. B. durch Absolvieren des Praktikums und Lerninhalte der AO).</p>,bildungsanbieter,not sent,https://www.wbstraining.de/kn/nachpruefung-umschulung-industriekaufmann/
Vorbereitung auf eine Mediengestalter-Umschulung - Schwerpunkt: Tools in der Mediengestaltung - Kompakt,PersonaPlan GmbH,schulung@personaplan.de,"<p>Besondere Teilnahmevoraussetzungen sind nicht nötig, da die konkreten Inhalte und Schwerpunkte individuell auf jeden Teilnehmer, seinen Bedarf und seine Vorkenntnisse abgestimmt werden.</p>",bildungsanbieter,not sent,https://personaplan.de/online-akademie-viona/?utm_source=Kursnet&utm_campaign=Kursnet&utm_medium=Link_Kurs&utm_term=ZU-X-4411-1#/kurs-fuer-arbeitssuchende/ZU-X-4411-1
Erwerb von Grundkompetenzen - Excel lernen,bfw - Unternehmen für Bildung.,meinkurs@bfw.de,<p>Beratungsgespräch beim bfw</p>,bildungsanbieter,not sent,
"Kaufmann, Kauffrau für Marketingkommunikation - Vorbereitung auf die IHK-Prüfung",COMCAVE.COLLEGE GmbH,anfrage@comcave.com,"<ul><li> Die Zulassung zur IHK-Abschlussprüfung muss vorliegen.</li><li> Deutsch in Wort und Schrift.</li><li> Persönliches Eignungsgespräch im Rahmen der Fachberatung.</li></ul><p>Ausnahmen sind in Absprache mit COMCAVE und dem jeweiligen Kostenträger, zum Beispiel der Agentur für Arbeit oder dem Jobcenter, möglich. Des Weiteren gelten die Zugangsvoraussetzungen des Kostenträgers.</p>",bildungsanbieter,not sent,https://www.comcave.de/weiterbildung/bewerbungstraining-vorbereitung/vorbereitungskurse/vorbereitung-ihk-pruefung-kaufmann-kauffrau-marketingkommunikation/?utm_campaign=weiterbildung&utm_source=kursnet
"Betreuungskraft nach §§ 43b, 53b SGB XI",WBS TRAINING SE,info@wbstraining.de,"<p>Für die Teilnahme benötigst du ein eintragsfreies, polizeiliches Führungszeugnis. Wir empfehlen außerdem Deutschkenntnisse auf Niveau B1 (idealerweise B2) in Wort und Schrift, damit du dem Unterricht folgen, Dokumentation verstehen und sicher mit Patient:innen und im Team kommunizieren kannst.​<br/>Für das Praktikum sind Impf- bzw. Immunitätsnachweise gemäß Infektionsschutzgesetz erforderlich (z. B. Masern, Mumps, Röteln, Pertussis, Poliomyelitis, Diphtherie, Hepatitis A und B). Die konkret notwendigen Nachweise stimmst du direkt mit deiner Praktikumseinrichtung ab.​<br/>Hinweis: In einigen Bundesländern, z. B. Brandenburg, wird der Abschluss als Pflegehelfer:in nicht in allen Einrichtungen anerkannt. Kläre daher vor Beginn der Weiterbildung mit deinem gewünschten Arbeitgeber, ob der Abschluss für die angestrebte Tätigkeit akzeptiert wird.</p>",bildungsanbieter,not sent,https://www.wbstraining.de/kn/betreuungskraft-43b-53b-sgb-xi/
Immobilienkaufmann - Vorbereitung auf die IHK-Prüfung,COMCAVE.COLLEGE GmbH,anfrage@comcave.com,"<ul><li> Die Zulassung zur IHK-Abschlussprüfung muss vorliegen.</li><li> Deutsch in Wort und Schrift.</li><li> Persönliches Eignungsgespräch im Rahmen der Fachberatung.</li></ul><p>Ausnahmen sind in Absprache mit COMCAVE und dem jeweiligen Kostenträger, zum Beispiel der Agentur für Arbeit oder dem Jobcenter, möglich. Des Weiteren gelten die Zugangsvoraussetzungen des Kostenträgers.</p>",bildungsanbieter,not sent,https://www.comcave.de/weiterbildung/bewerbungstraining-vorbereitung/vorbereitungskurse/vorbereitung-ihk-pruefung-immobilienkaufmann-immobilienkauffrau/?utm_campaign=weiterbildung&utm_source=kursnet
Erwerb von Grundkompetenzen - Grundwissen Mathematik (Anwendung von Zahlen & Zins- und Prozentrechnung),Berger Bildungsinstitut GmbH,anfrage@berger-bildung.de,<p>An der Maßnahme können Teilnehmer mit unterschiedlichen Zugangsvoraussetzungen teilnehmen. Bestimmte berufliche Vorkenntnisse oder Erfahrungen sind für die Teilnahme an der Maßnahme nicht erforderlich. <br/>Ausnahmeregelungen erfolgen in Abstimmung mit dem JC/der Arbeitsagentur oder der optierenden Kommune. Grundlegende Deutschsprachkenntnisse (Niveau A2 GER) werden vorausgesetzt.</p>,bildungsanbieter,not sent,https://berger-bildungsinstitut.de/viona?utm_source=Kursnet&utm_campaign=Kursnet&utm_medium=Link_Kurs&utm_term=S-2368-D-6#/kurs-fuer-arbeitssuchende/S-2368-D-6
Nachprüfungsvorbereitung der Umschulung Personaldienstleistungskaufmann/-frau,WBS TRAINING SE,info@wbstraining.de,<p>Die Zulassungsvoraussetzungen für die Abschlussprüfung müssen erfüllt sein (z. B. durch Absolvieren des Praktikums und Lerninhalte der AO).</p>,bildungsanbieter,not sent,https://www.wbstraining.de/kn/nachpruefung-umschulung-personaldienstleistung/
Sport- und Fitnesskaufmann - Vorbereitung auf die IHK-Prüfung,COMCAVE.COLLEGE GmbH,anfrage@comcave.com,"<ul><li> Die Zulassung zur IHK-Abschlussprüfung muss vorliegen.</li><li> Deutsch in Wort und Schrift.</li><li> Persönliches Eignungsgespräch im Rahmen der Fachberatung.</li></ul><p>Ausnahmen sind in Absprache mit COMCAVE und dem jeweiligen Kostenträger, zum Beispiel der Agentur für Arbeit oder dem Jobcenter, möglich. Des Weiteren gelten die Zugangsvoraussetzungen des Kostenträgers.</p>",bildungsanbieter,not sent,https://www.comcave.de/weiterbildung/bewerbungstraining-vorbereitung/vorbereitungskurse/vorbereitung-ihk-pruefung-sport-fitnesskauffrau-fitnesskaufmann/?utm_campaign=weiterbildung&utm_source=kursnet
Vorbereitung auf eine IT-Umschulung - Schwerpunkte: Vorbereitung der drei IT-Grundlagenfächer,IBB Institut für Berufliche Bildung GmbH,kundencenter-kursnet@ibb.com,<p>Vorausgesetzt werden Deutschkenntnisse auf dem Niveau Deutsch B2 und Englisch B1.</p><p>Allen Interessierten stehen wir in einem persönlichen Gespräch zur Abklärung ihrer individuellen Teilnahmevoraussetzungen zur Verfügung.</p>,bildungsanbieter,not sent,https://www.ibb.com/kurs-fuer-arbeitssuchende/ZU-E-4004-1?utm_source=Kursnet&utm_medium=Link_Kurs&utm_campaign=Kursnet&utm_term=ZU-E-4004-1
Vorbereitungskurs auf eine Umschulung/Ausbildung im IT-Bereich,IAL Institut für angewandte Logistik GmbH,bloehdorn@ial.de,<p>Persönliches Beratungsgespräch. Motivation und Interessen an der IT.</p>,bildungsanbieter,not sent,https://www.ial.de/kursliste/vorbereitungskurs-im-it-bereich/
"Alltagsbegleiter - Betreuungskraft nach § 43b, 53c SGB XI",COMCAVE.COLLEGE GmbH,anfrage@comcave.com,"<ul><li> Deutsch in Wort und Schrift.</li><li> Persönliches Eignungsgespräch im Rahmen der Fachberatung.</li></ul><p>Ausnahmen sind in Absprache mit COMCAVE und dem jeweiligen Kostenträger, zum Beispiel der Agentur für Arbeit oder dem Jobcenter, möglich. Des Weiteren gelten die Zugangsvoraussetzungen des Kostenträgers.</p>",bildungsanbieter,not sent,https://www.comcave.de/weiterbildung/alltagsbegleiter-betreuungskraft-43b-53c/?utm_campaign=weiterbildung&utm_source=kursnet
Vorbereitungskurs auf eine medieninformationstechnische Umschulung inkl. Eignungsfeststellung,COMCAVE.COLLEGE GmbH,anfrage@comcave.com,"<ul><li> Deutsch in Wort und Schrift.</li><li> Persönliches Eignungsgespräch im Rahmen der Fachberatung.</li></ul><p>Ausnahmen sind in Absprache mit COMCAVE und dem jeweiligen Kostenträger, zum Beispiel der Agentur für Arbeit oder dem Jobcenter, möglich. Des Weiteren gelten die Zugangsvoraussetzungen des Kostenträgers.</p>",bildungsanbieter,not sent,https://www.comcave.de/weiterbildung/bewerbungstraining-vorbereitung/vorbereitungskurse/vorbereitung-medieninformationstechnische-umschulung-eignungsfeststellung/?utm_campaign=weiterbildung&utm_source=kursnet
Haushaltsdienstleistung/häusliche Pflege,bfz Alpenvorland,info-avl@bfz.de,"<p>- Positive Haltung gegenüber kranken, behinderten und alten Menschen<br/>- Teamfähigkeit<br/>- Praktikum in einer Pflegeeinrichtung vor Lehrgangsbeginn<br/>- sichere Deutschkenntnisse (A2) in Wort und Schrift<br/>- Geduld und eine positive Grundeinstellung gegenüber zu pflegenden Personen</p>",bildungsanbieter,not sent,https://www.bfz.de/kurs/eca-90953
"Betreuungskraft nach §§ 43b, 53b SGB XI mit Zusatzqualifikation Demenz verstehen",IBB Institut für Berufliche Bildung GmbH,kundencenter-kursnet@ibb.com,"<p>Teilnehmende sollten soziale Kompetenz, Empathie-Fähigkeit, hohe Belastbarkeit sowie Wahrnehmungsfähigkeit und Beobachtungsgabe aufweisen. Sie müssen sich in einem mindestens fünftägigen Praktikum VOR Beginn des Kurses erproben. Hierbei finden Sie heraus, ob Ihnen die Arbeit mit demenzerkrankten, körperlich beeinträchtigten oder geistig behinderten Menschen Freude bereitet. Computer-Kenntnisse sind unbedingt sicherzustellen. Die Deutschkenntnisse sollten sich auf muttersprachlichem Niveau bewegen (mind. Niveau B2 - ggf. Einstufungstest).</p><p>Allen Interessierten stehen wir in einem persönlichen Gespräch zur Abklärung ihrer individuellen Teilnahmevoraussetzungen zur Verfügung.</p>",bildungsanbieter,not sent,https://www.ibb.com/kurs-fuer-arbeitssuchende/Z-P-7120?utm_source=Kursnet&utm_medium=Link_Kurs&utm_campaign=Kursnet&utm_term=Z-P-7120
Betreuungskraft mit PC- Grundlagen und Berufssprache Deutsch,bfw - Unternehmen für Bildung.,meinkurs@bfw.de,"<p>Beratungsgespräch beim bfw,Orientierungspraktikum in einer Pflegeeinrichtung (mind. 40 Stunden)</p>",bildungsanbieter,not sent,
Erwerb von Grundkompetenzen - Grundwissen Mathematik (Anwendung von Zahlen & Zins- und Prozentrechnung),Berger Bildungsinstitut GmbH,anfrage@berger-bildung.de,<p>An der Maßnahme können Teilnehmer mit unterschiedlichen Zugangsvoraussetzungen teilnehmen. Bestimmte berufliche Vorkenntnisse oder Erfahrungen sind für die Teilnahme an der Maßnahme nicht erforderlich. <br/>Ausnahmeregelungen erfolgen in Abstimmung mit dem JC/der Arbeitsagentur oder der optierenden Kommune. Grundlegende Deutschsprachkenntnisse (Niveau A2 GER) werden vorausgesetzt.</p>,bildungsanbieter,not sent,https://berger-bildungsinstitut.de/viona?utm_source=Kursnet&utm_campaign=Kursnet&utm_medium=Link_Kurs&utm_term=S-2368-D-6#/kurs-fuer-arbeitssuchende/S-2368-D-6
Technische Hilfskraft für den IT-Bereich inklusive technischem Englisch,GFN GmbH,kursnet-beratung@gfn.de,<ul><li>Gute Deutschkenntnisse</li><li>Ausreichende Englischkenntnisse</li><li>Grundkenntnisse in Microsoft Office und Erfahrungen mit Internet-Browsern</li><li>Teilnahme an einem unverbindlichen Beratungsgespräch</li></ul>,bildungsanbieter,not sent,https://www.gfn.de/esther/?itn=KN-V546-30&utm_source=kursnet&utm_medium=portal&utm_campaign=KN-LINK-MOD&utm_term=Heidelberg&utm_content=KN-V546-30
"Berufsoberschule II, Technik (Fachgebundene Hochschulreife)",David Roentgen Schule Neuwied,,<p>Voraussetzung für die Aufnahme in die Berufsoberschule II ist<br/></p><ul><li>die Fachhochschulreife </li></ul><h4>und </h4><ul><li>eine mindestens zweijährige abgeschlossene Berufsausbildung </li></ul><p>oder <br/></p><ul><li>ein als gleichwertig anerkannter Abschluss.</li></ul>,bildungsanbieter,not sent,https://www.drsneuwied.de/index.php/bildungsangebote/allgemeine-hochschulreife/berufsoberschule-2
Vorbereitung auf eine IT Umschulung,bfz Kempten,info-ke@bfz.de,<p>- Grundlegende Fähigkeiten in der Bedienung des PC (Windows und Word Grundlagen)<br/>- Deutsch in Wort und Schrift (mind. B2)</p>,bildungsanbieter,not sent,https://www.bfz.de/kurs/eca-92600
Vorbereitungskurs kaufmännische / betriebswirtschaftliche Umschulung inkl. Eignungsfeststellung,COMCAVE.COLLEGE GmbH,anfrage@comcave.com,"<ul><li> Deutsch in Wort und Schrift.</li><li> Persönliches Eignungsgespräch im Rahmen der Fachberatung.</li></ul><p>Ausnahmen sind in Absprache mit COMCAVE und dem jeweiligen Kostenträger, zum Beispiel der Agentur für Arbeit oder dem Jobcenter, möglich. Des Weiteren gelten die Zugangsvoraussetzungen des Kostenträgers.</p>",bildungsanbieter,not sent,https://www.comcave.de/weiterbildung/bewerbungstraining-vorbereitung/vorbereitungskurse/vorbereitung-kaufmaennische-betriebswirtschaftliche-umschulung-eignungsfeststellung/?utm_campaign=weiterbildung&utm_source=kursnet
Grundkompetenzen für PC-Anwendungen,Bildungswerk der Niedersächsischen Wirtschaft,info@bnw.de,<p>- ausreichendes Sprachniveau (mind. B2)<br/>- Grundlegende Fähigkeiten in der Bedienung des PC</p>,bildungsanbieter,not sent,
Fachinformatiker Systemintegration - Vorbereitung auf die IHK-Prüfung,COMCAVE.COLLEGE GmbH,anfrage@comcave.com,"<ul><li> Abgeschlossene Ausbildung oder ausreichende Berufspraxis im kaufmännischen oder im gewerblich-technischen Bereich oder ein Studium bzw. ein abgebrochenes Hochschulstudium sowie Rehabilitanden:innen aus unterschiedlichen Berufsbereichen.</li><li> Affinität für den IT-Bereich.</li><li> Analytisches Denkvermögen wünschenswert.</li><li> Deutsch in Wort und Schrift.</li><li> Grundkenntnisse in Englisch.</li><li> Ein internes Auswahlverfahren im Rahmen eines Fachgesprächs ist mit &quot;gut geeignet&quot; zu bestehen.</li></ul><p>Des Weiteren gelten die Zugangsvoraussetzungen des Kostenträgers, Ausnahmen sind in Absprache mit dem COMCAVE.COLLEGE® und dem Kostenträger möglich.<br/>Die beruflichen und schulischen Zugangsvoraussetzungen werden anhand von Lebenslauf, Zeugnissen und Zertifikaten sowie ggf. eines zusätzlichen schriftlichen Eignungstests im Rahmen eines ausführlichen persönlichen Fachgespräches geprüft.</p>",bildungsanbieter,not sent,https://www.comcave.de/weiterbildung/bewerbungstraining-vorbereitung/vorbereitungskurse/vorbereitung-ihk-pruefung-fachinformatiker-systemintegration/?utm_campaign=weiterbildung&utm_source=kursnet
"Vorbereitung auf eine Umschulung (kaufmännisch, Lagerlogistik, Schutz und Sicherheit) mit Einführung in die Buchführung",TÜV Rheinland Akademie GmbH,servicecenter@de.tuv.com,<p>Vorausgesetzt werden Deutschkenntnisse auf dem Niveau Deutsch B2.</p>,bildungsanbieter,not sent,https://www.viona.online/kursdetail/zu-k-4047?utm_source=Kursnet&utm_campaign=Kursnet&utm_medium=Link_Kurs&utm_term=ZU-K-4047-1_T%C3%9CV_RLA
Erwerb von Grundkompetenzen,IBB Institut für Berufliche Bildung GmbH,kundencenter-kursnet@ibb.com,<p>An der Maßnahme können Teilnehmer mit unterschiedlichen Zugangsvoraussetzungen teilnehmen. Bestimmte berufliche Vorkenntnisse oder Erfahrungen sind für die Teilnahme an der Maßnahme nicht erforderlich.<br/>Ausnahmeregelungen erfolgen in Abstimmung mit dem JC/der Arbeitsagentur oder der optierenden Kommune. Grundlegende Deutschsprachkenntnisse (Niveau A2 GER) werden vorausgesetzt.</p><br/><br/><p>Allen Interessierten stehen wir in einem persönlichen Gespräch zur Abklärung ihrer individuellen Teilnahmevoraussetzungen zur Verfügung.</p>,bildungsanbieter,not sent,https://www.ibb.com/kurs-fuer-arbeitssuchende/S-2370-6?utm_source=Kursnet&utm_medium=Link_Kurs&utm_campaign=Kursnet&utm_term=S-2370-6
Fachinformatiker Daten- und Prozessanalyse - Vorbereitung auf die IHK-Prüfung,COMCAVE.COLLEGE GmbH,anfrage@comcave.com,"<ul><li> Die Zulassung zur IHK-Abschlussprüfung muss vorliegen.</li><li> Deutsch in Wort und Schrift.</li><li> Persönliches Eignungsgespräch im Rahmen der Fachberatung.</li></ul><p>Ausnahmen sind in Absprache mit COMCAVE und dem jeweiligen Kostenträger, zum Beispiel der Agentur für Arbeit oder dem Jobcenter, möglich. Des Weiteren gelten die Zugangsvoraussetzungen des Kostenträgers.</p>",bildungsanbieter,not sent,https://www.comcave.de/weiterbildung/bewerbungstraining-vorbereitung/vorbereitungskurse/vorbereitung-ihk-pruefung-fachinformatiker-daten-prozessanalyse/?utm_campaign=weiterbildung&utm_source=kursnet
Industriemechaniker(in),Berufsbildungswerk Bezirk Mittelfranken Hören Sprache Lernen,rehabuero.bbw-nbg@bezirk-mittelfranken.de,"<p>Hauptschulabschluss, QA erwünscht,<br/>Anmeldung über den Rehaberater</p>",bildungsanbieter,not sent,http://www.bbw-mittelfranken.de
Fachinformatiker Daten- und Prozessanalyse - Vorbereitung auf die IHK-Prüfung,COMCAVE.COLLEGE GmbH,anfrage@comcave.com,"<ul><li> Die Zulassung zur IHK-Abschlussprüfung muss vorliegen.</li><li> Deutsch in Wort und Schrift.</li><li> Persönliches Eignungsgespräch im Rahmen der Fachberatung.</li></ul><p>Ausnahmen sind in Absprache mit COMCAVE und dem jeweiligen Kostenträger, zum Beispiel der Agentur für Arbeit oder dem Jobcenter, möglich. Des Weiteren gelten die Zugangsvoraussetzungen des Kostenträgers.</p>",bildungsanbieter,not sent,https://www.comcave.de/weiterbildung/bewerbungstraining-vorbereitung/vorbereitungskurse/vorbereitung-ihk-pruefung-fachinformatiker-daten-prozessanalyse/?utm_campaign=weiterbildung&utm_source=kursnet
Immobilienkaufmann - Vorbereitung auf die IHK-Prüfung,COMCAVE.COLLEGE GmbH,anfrage@comcave.com,"<ul><li> Die Zulassung zur IHK-Abschlussprüfung muss vorliegen.</li><li> Deutsch in Wort und Schrift.</li><li> Persönliches Eignungsgespräch im Rahmen der Fachberatung.</li></ul><p>Ausnahmen sind in Absprache mit COMCAVE und dem jeweiligen Kostenträger, zum Beispiel der Agentur für Arbeit oder dem Jobcenter, möglich. Des Weiteren gelten die Zugangsvoraussetzungen des Kostenträgers.</p>",bildungsanbieter,not sent,https://www.comcave.de/weiterbildung/bewerbungstraining-vorbereitung/vorbereitungskurse/vorbereitung-ihk-pruefung-immobilienkaufmann-immobilienkauffrau/?utm_campaign=weiterbildung&utm_source=kursnet
"Vorbereitung auf eine Umschulung (kaufmännisch, Lagerlogistik, Schutz und Sicherheit) mit Einführung in die Buchführung",TÜV Rheinland Akademie GmbH,servicecenter@de.tuv.com,<p>Vorausgesetzt werden Deutschkenntnisse auf dem Niveau Deutsch B2.</p>,bildungsanbieter,not sent,https://www.viona.online/kursdetail/zu-k-4047?utm_source=Kursnet&utm_campaign=Kursnet&utm_medium=Link_Kurs&utm_term=ZU-K-4047-1_T%C3%9CV_RLA
Grundlagen für Wirtschafts- und Dienstleistungsberufe inkl. moderne Arbeitswelt,WBS TRAINING SE,info@wbstraining.de,<p>abgeschlossene Berufsausbildung oder mehrjährige Berufserfahrung (für Teilnehmende ohne formalen Berufsabschluss)</p>,bildungsanbieter,not sent,https://www.wbstraining.de/kn/grundlagen-wirtschafts-dienstleistungsberufe/
Erwerb von Grundkompetenzen,IBB Institut für Berufliche Bildung GmbH,kundencenter-kursnet@ibb.com,<p>An der Maßnahme können Teilnehmer mit unterschiedlichen Zugangsvoraussetzungen teilnehmen. Bestimmte berufliche Vorkenntnisse oder Erfahrungen sind für die Teilnahme an der Maßnahme nicht erforderlich.<br/>Ausnahmeregelungen erfolgen in Abstimmung mit dem JC/der Arbeitsagentur oder der optierenden Kommune. Grundlegende Deutschsprachkenntnisse (Niveau A2 GER) werden vorausgesetzt.</p><br/><br/><p>Allen Interessierten stehen wir in einem persönlichen Gespräch zur Abklärung ihrer individuellen Teilnahmevoraussetzungen zur Verfügung.</p>,bildungsanbieter,not sent,https://www.ibb.com/kurs-fuer-arbeitssuchende/S-2370-6?utm_source=Kursnet&utm_medium=Link_Kurs&utm_campaign=Kursnet&utm_term=S-2370-6
Prüfungsvorbereitung Fachkraft für Gastronomie (IHK),cpi consulting + training GmbH,anfrage@cpi.de,"<ul><li> Abgeschlossene Ausbildung oder ein Studium bzw. ein abgebrochenes Hochschulstudium oder ausreichende Berufserfahrung.</li><li> Sichere Deutschkenntnisse in Wort und Schrift.</li><li> Grundkenntnisse in Englisch und EDV sind von Vorteil.</li><li> Ein internes Auswahlverfahren in Form eines Fachgesprächs ist mit dem Ergebnis ""gut geeignet"" zu bestehen.</li></ul><p>Darüber hinaus gelten die Zugangsvoraussetzungen des Kostenträgers. Ausnahmen können in Absprache mit der cpi consulting + training GmbH und dem Kostenträger vereinbart werden.<br/>Die beruflichen und schulischen Zugangsvoraussetzungen werden anhand des Lebenslaufs, vorgelegter Zeugnisse und Zertifikate oder durch eine Eignungsfeststellung im Rahmen eines ausführlichen Fachgesprächs überprüft.</p>",bildungsanbieter,not sent,https://www.cpi.de/gastgewerbe-service/pruefungsvorbereitung-fachkraft-gastronomie-ihk/?utm_campaign=weiterbildung&utm_source=kursnet
Fachfrau/-mann für Restaurants und Veranstaltungsgastronomie - Kat. III.,CJD Berchtesgaden,aleksandar.berischa@cjd.de,<p>Agentur für Arbeit - Vorstellungsgespräch - Aufnahmeverfahren</p>,bildungsanbieter,not sent,
Fachinformatiker Systemintegration - Vorbereitung auf die IHK-Prüfung,COMCAVE.COLLEGE GmbH,anfrage@comcave.com,"<ul><li> Abgeschlossene Ausbildung oder ausreichende Berufspraxis im kaufmännischen oder im gewerblich-technischen Bereich oder ein Studium bzw. ein abgebrochenes Hochschulstudium sowie Rehabilitanden:innen aus unterschiedlichen Berufsbereichen.</li><li> Affinität für den IT-Bereich.</li><li> Analytisches Denkvermögen wünschenswert.</li><li> Deutsch in Wort und Schrift.</li><li> Grundkenntnisse in Englisch.</li><li> Ein internes Auswahlverfahren im Rahmen eines Fachgesprächs ist mit &quot;gut geeignet&quot; zu bestehen.</li></ul><p>Des Weiteren gelten die Zugangsvoraussetzungen des Kostenträgers, Ausnahmen sind in Absprache mit dem COMCAVE.COLLEGE® und dem Kostenträger möglich.<br/>Die beruflichen und schulischen Zugangsvoraussetzungen werden anhand von Lebenslauf, Zeugnissen und Zertifikaten sowie ggf. eines zusätzlichen schriftlichen Eignungstests im Rahmen eines ausführlichen persönlichen Fachgespräches geprüft.</p>",bildungsanbieter,not sent,https://www.comcave.de/weiterbildung/bewerbungstraining-vorbereitung/vorbereitungskurse/vorbereitung-ihk-pruefung-fachinformatiker-systemintegration/?utm_campaign=weiterbildung&utm_source=kursnet
Erwerb von Grundkompetenzen - Grundwissen Mathematik (Grundrechenarten & Zins- und Prozentrechnung),Berufliche Fortbildungszentren der Bayerischen Wirtschaft (bfz) gGmbH,beratung@bfz.de,<p>An der Maßnahme können Teilnehmer mit unterschiedlichen Zugangsvoraussetzungen teilnehmen. Bestimmte berufliche Vorkenntnisse oder Erfahrungen sind für die Teilnahme an der Maßnahme nicht erforderlich. <br/>Ausnahmeregelungen erfolgen in Abstimmung mit dem JC/der Arbeitsagentur oder der optierenden Kommune. Grundlegende Deutschsprachkenntnisse (Niveau A2 GER) werden vorausgesetzt.</p>,bildungsanbieter,not sent,https://www.bfz.de/r/ibb?utm_source=Kursnet&utm_campaign=Kursnet&utm_medium=Link_Kurs&utm_term=S-2368-C-6
Tourismuskaufmann - Vorbereitung auf die IHK-Prüfung,COMCAVE.COLLEGE GmbH,anfrage@comcave.com,"<ul><li> Die Zulassung zur IHK-Abschlussprüfung muss vorliegen.</li><li> Deutsch in Wort und Schrift.</li><li> Persönliches Eignungsgespräch im Rahmen der Fachberatung.</li></ul><p>Ausnahmen sind in Absprache mit COMCAVE und dem jeweiligen Kostenträger, zum Beispiel der Agentur für Arbeit oder dem Jobcenter, möglich. Des Weiteren gelten die Zugangsvoraussetzungen des Kostenträgers.</p>",bildungsanbieter,not sent,https://www.comcave.de/weiterbildung/bewerbungstraining-vorbereitung/vorbereitungskurse/vorbereitung-ihk-pruefung-tourismuskauffrau-tourimuskaufmann/?utm_campaign=weiterbildung&utm_source=kursnet
Vorbereitung auf eine IT-Umschulung - Intensiver Grundlagenaufbau und Vorbereitung der IT-Grundlagenfächer,NH Schulungscenter für IT und Business GmbH,beratung@nh-mitte.de,<p>Vorausgesetzt werden Deutschkenntnisse auf dem Niveau Deutsch B2 und Englisch B1.</p>,bildungsanbieter,not sent,https://www.viona.online/kursdetail/zu-e-4002?utm_source=Kursnet&utm_campaign=Kursnet&utm_medium=Link_Kurs&utm_term=ZU-E-4002-2_NEWHORIZONS
Berufsfachschule 2-jährig - FHR Wirtschaft und Verwaltung,Berufskolleg St. Michael,info@bkstm.de,<p>Mittlerer Schulabschluss (FOR)<br/>oder<br/>Berechtigung zum Besuch der gymnasialen Oberstufe</p>,bildungsanbieter,not sent,http://www.berufskolleg-st-michael.de
Vorbereitungskurs auf eine Umschulung/Ausbildung im IT-Bereich,IAL Institut für angewandte Logistik GmbH,bloehdorn@ial.de,<p>Persönliches Beratungsgespräch. Motivation und Interessen an der IT.</p>,bildungsanbieter,not sent,https://www.ial.de/kursliste/vorbereitungskurs-im-it-bereich/
"Kaufmann, Kauffrau im Einzelhandel - Vorbereitung auf die IHK-Prüfung",COMCAVE.COLLEGE GmbH,anfrage@comcave.com,"<ul><li> Die Zulassung zur IHK-Abschlussprüfung muss vorliegen.</li><li> Deutsch in Wort und Schrift.</li><li> Persönliches Eignungsgespräch im Rahmen der Fachberatung.</li></ul><p>Ausnahmen sind in Absprache mit COMCAVE und dem jeweiligen Kostenträger, zum Beispiel der Agentur für Arbeit oder dem Jobcenter, möglich. Des Weiteren gelten die Zugangsvoraussetzungen des Kostenträgers.</p>",bildungsanbieter,not sent,https://www.comcave.de/weiterbildung/bewerbungstraining-vorbereitung/vorbereitungskurse/vorbereitung-ihk-pruefung-kaufmann-kauffrau-einzelhandel/?utm_campaign=weiterbildung&utm_source=kursnet
Fachinformatiker Systemintegration - Vorbereitung auf die IHK-Prüfung,COMCAVE.COLLEGE GmbH,anfrage@comcave.com,"<ul><li> Abgeschlossene Ausbildung oder ausreichende Berufspraxis im kaufmännischen oder im gewerblich-technischen Bereich oder ein Studium bzw. ein abgebrochenes Hochschulstudium sowie Rehabilitanden:innen aus unterschiedlichen Berufsbereichen.</li><li> Affinität für den IT-Bereich.</li><li> Analytisches Denkvermögen wünschenswert.</li><li> Deutsch in Wort und Schrift.</li><li> Grundkenntnisse in Englisch.</li><li> Ein internes Auswahlverfahren im Rahmen eines Fachgesprächs ist mit &quot;gut geeignet&quot; zu bestehen.</li></ul><p>Des Weiteren gelten die Zugangsvoraussetzungen des Kostenträgers, Ausnahmen sind in Absprache mit dem COMCAVE.COLLEGE® und dem Kostenträger möglich.<br/>Die beruflichen und schulischen Zugangsvoraussetzungen werden anhand von Lebenslauf, Zeugnissen und Zertifikaten sowie ggf. eines zusätzlichen schriftlichen Eignungstests im Rahmen eines ausführlichen persönlichen Fachgespräches geprüft.</p>",bildungsanbieter,not sent,https://www.comcave.de/weiterbildung/bewerbungstraining-vorbereitung/vorbereitungskurse/vorbereitung-ihk-pruefung-fachinformatiker-systemintegration/?utm_campaign=weiterbildung&utm_source=kursnet
"Vorbereitung auf eine IT-Umschulung - mit Schwerpunkt auf den drei IT-Grundlagenfächern, für Quereinsteiger mit vorbereitendem Grundlagenmodul",IBB Institut für Berufliche Bildung GmbH,kundencenter-kursnet@ibb.com,<p>Vorausgesetzt werden Deutschkenntnisse auf dem Niveau Deutsch B2 und Englisch B1.</p><p>Allen Interessierten stehen wir in einem persönlichen Gespräch zur Abklärung ihrer individuellen Teilnahmevoraussetzungen zur Verfügung.</p>,bildungsanbieter,not sent,https://www.ibb.com/kurs-fuer-arbeitssuchende/ZU-E-4003-2?utm_source=Kursnet&utm_medium=Link_Kurs&utm_campaign=Kursnet&utm_term=ZU-E-4003-2
Fachpraktiker*in Küche,CJD Kirchheim/ Teck,connie.siegel-hiesserer@cjd.de,<p>Nur über Berufsberater der Agentur für Arbeit oder über andere Reha-Träger</p>,bildungsanbieter,not sent,https://www.cjd-kirchheim.de
Sport- und Fitnesskaufmann - Vorbereitung auf die IHK-Prüfung,COMCAVE.COLLEGE GmbH,anfrage@comcave.com,"<ul><li> Die Zulassung zur IHK-Abschlussprüfung muss vorliegen.</li><li> Deutsch in Wort und Schrift.</li><li> Persönliches Eignungsgespräch im Rahmen der Fachberatung.</li></ul><p>Ausnahmen sind in Absprache mit COMCAVE und dem jeweiligen Kostenträger, zum Beispiel der Agentur für Arbeit oder dem Jobcenter, möglich. Des Weiteren gelten die Zugangsvoraussetzungen des Kostenträgers.</p>",bildungsanbieter,not sent,https://www.comcave.de/weiterbildung/bewerbungstraining-vorbereitung/vorbereitungskurse/vorbereitung-ihk-pruefung-sport-fitnesskauffrau-fitnesskaufmann/?utm_campaign=weiterbildung&utm_source=kursnet
Fachinformatiker Systemintegration - Vorbereitung auf die IHK-Prüfung,COMCAVE.COLLEGE GmbH,anfrage@comcave.com,"<ul><li> Abgeschlossene Ausbildung oder ausreichende Berufspraxis im kaufmännischen oder im gewerblich-technischen Bereich oder ein Studium bzw. ein abgebrochenes Hochschulstudium sowie Rehabilitanden:innen aus unterschiedlichen Berufsbereichen.</li><li> Affinität für den IT-Bereich.</li><li> Analytisches Denkvermögen wünschenswert.</li><li> Deutsch in Wort und Schrift.</li><li> Grundkenntnisse in Englisch.</li><li> Ein internes Auswahlverfahren im Rahmen eines Fachgesprächs ist mit &quot;gut geeignet&quot; zu bestehen.</li></ul><p>Des Weiteren gelten die Zugangsvoraussetzungen des Kostenträgers, Ausnahmen sind in Absprache mit dem COMCAVE.COLLEGE® und dem Kostenträger möglich.<br/>Die beruflichen und schulischen Zugangsvoraussetzungen werden anhand von Lebenslauf, Zeugnissen und Zertifikaten sowie ggf. eines zusätzlichen schriftlichen Eignungstests im Rahmen eines ausführlichen persönlichen Fachgespräches geprüft.</p>",bildungsanbieter,not sent,https://www.comcave.de/weiterbildung/bewerbungstraining-vorbereitung/vorbereitungskurse/vorbereitung-ihk-pruefung-fachinformatiker-systemintegration/?utm_campaign=weiterbildung&utm_source=kursnet
"Vorbereitung auf eine Umschulung (kaufmännisch, Lagerlogistik, Schutz und Sicherheit) mit Schwerpunkt Sprachfestigung auf Englisch A2/ B1-Niveau",IBB Institut für Berufliche Bildung GmbH,kundencenter-kursnet@ibb.com,<p>Vorausgesetzt werden Deutschkenntnisse auf dem Sprachniveau B1.1.</p><p>Allen Interessierten stehen wir in einem persönlichen Gespräch zur Abklärung ihrer individuellen Teilnahmevoraussetzungen zur Verfügung.</p>,bildungsanbieter,not sent,https://www.ibb.com/kurs-fuer-arbeitssuchende/ZU-S-4045-1?utm_source=Kursnet&utm_medium=Link_Kurs&utm_campaign=Kursnet&utm_term=ZU-S-4045-1
"Betreuungskraft nach §§ 43b, 53b SGB XI mit Zusatzqualifikation Demenz verstehen",IBB Institut für Berufliche Bildung GmbH,kundencenter-kursnet@ibb.com,"<p>Teilnehmende sollten soziale Kompetenz, Empathie-Fähigkeit, hohe Belastbarkeit sowie Wahrnehmungsfähigkeit und Beobachtungsgabe aufweisen. Sie müssen sich in einem mindestens fünftägigen Praktikum VOR Beginn des Kurses erproben. Hierbei finden Sie heraus, ob Ihnen die Arbeit mit demenzerkrankten, körperlich beeinträchtigten oder geistig behinderten Menschen Freude bereitet. Computer-Kenntnisse sind unbedingt sicherzustellen. Die Deutschkenntnisse sollten sich auf muttersprachlichem Niveau bewegen (mind. Niveau B2 - ggf. Einstufungstest).</p><p>Allen Interessierten stehen wir in einem persönlichen Gespräch zur Abklärung ihrer individuellen Teilnahmevoraussetzungen zur Verfügung.</p>",bildungsanbieter,not sent,https://www.ibb.com/kurs-fuer-arbeitssuchende/Z-P-7120?utm_source=Kursnet&utm_medium=Link_Kurs&utm_campaign=Kursnet&utm_term=Z-P-7120
Nachprüfungsvorbereitung der Umschulung Masseurin und medizinischer Bademeister (w/m/d),WBS TRAINING SE,info@wbstraining.de,<p>Die Zulassungsvoraussetzungen für die Abschlussprüfung müssen erfüllt sein (z. B. durch Absolvieren des Praktikums und Lerninhalte der AO).</p>,bildungsanbieter,not sent,https://www.wbstraining.de/kn/nachpruefung-umschulung-masseur-bademeister/
Technische Hilfskraft für den IT-Bereich inklusive technischem Englisch,GFN GmbH,kursnet-beratung@gfn.de,<ul><li>Gute Deutschkenntnisse</li><li>Ausreichende Englischkenntnisse</li><li>Grundkenntnisse in Microsoft Office und Erfahrungen mit Internet-Browsern</li><li>Teilnahme an einem unverbindlichen Beratungsgespräch</li></ul>,bildungsanbieter,not sent,https://www.gfn.de/esther/?itn=KN-V546-30&utm_source=kursnet&utm_medium=portal&utm_campaign=KN-LINK-MOD&utm_term=Heidelberg&utm_content=KN-V546-30
IT-System-Elektroniker/-in,Oberlinhaus Berufsbildung gGmbH,ellen.kuhnt@oberlinhaus.de,keine Angabe,bildungsanbieter,not sent,
Nachprüfungsvorbereitung der Umschulung Industriekaufmann/-frau,WBS TRAINING SE,info@wbstraining.de,<p>Die Zulassungsvoraussetzungen für die Abschlussprüfung müssen erfüllt sein (z. B. durch Absolvieren des Praktikums und Lerninhalte der AO).</p>,bildungsanbieter,not sent,https://www.wbstraining.de/kn/nachpruefung-umschulung-industriekaufmann/
Seniorenbetreuer/in mit interkulturellen Kompetenzen inkl. Betreuungskraft nach § 53b SGB XI,cpi consulting + training GmbH,anfrage@cpi.de,"<ul><li> Abgeschlossene Ausbildung oder ein Studium bzw. ein abgebrochenes Hochschulstudium oder ausreichende Berufserfahrung.</li><li> Orientierungspraktikum in einer vollstationären oder teilstationären Pflegeeinrichtung, mit einem Umfang von mindestens 40 Stunden oder einschlägige Berufserfahrung.</li><li> Deutsch in Wort und Schrift.</li><li> Grundlegende PC-Anwenderkenntnisse wünschenswert.</li><li> Persönliches Eignungsgespräch im Rahmen der Fachberatung.</li></ul><p>Des Weiteren gelten die Zugangsvoraussetzungen des Kostenträgers, Ausnahmen sind in Absprache mit der cpi consulting + training GmbH und dem Kostenträger möglich.</p>",bildungsanbieter,not sent,https://www.cpi.de/gesundheit-pflege/seniorenbetreuer-interkulturelle-kompetenzen-betreuungskraft-53b/?utm_campaign=weiterbildung&utm_source=kursnet
"Kaufmann, Kauffrau für Büromanagement - Vorbereitung auf die IHK-Prüfung",COMCAVE.COLLEGE GmbH,anfrage@comcave.com,"<ul><li> Die Zulassung zur IHK-Abschlussprüfung muss vorliegen.</li><li> Deutsch in Wort und Schrift.</li><li> Persönliches Eignungsgespräch im Rahmen der Fachberatung.</li></ul><p>Ausnahmen sind in Absprache mit COMCAVE und dem jeweiligen Kostenträger, zum Beispiel der Agentur für Arbeit oder dem Jobcenter, möglich. Des Weiteren gelten die Zugangsvoraussetzungen des Kostenträgers.</p>",bildungsanbieter,not sent,https://www.comcave.de/weiterbildung/bewerbungstraining-vorbereitung/vorbereitungskurse/vorbereitung-ihk-pruefung-kaufmann-kauffrau-bueromanagement/?utm_campaign=weiterbildung&utm_source=kursnet
Nachprüfungsvorbereitung der Umschulung Masseurin und medizinischer Bademeister (w/m/d),WBS TRAINING SE,info@wbstraining.de,<p>Die Zulassungsvoraussetzungen für die Abschlussprüfung müssen erfüllt sein (z. B. durch Absolvieren des Praktikums und Lerninhalte der AO).</p>,bildungsanbieter,not sent,https://www.wbstraining.de/kn/nachpruefung-umschulung-masseur-bademeister/
Vorbereitungskurs auf eine medieninformationstechnische Umschulung,COMCAVE.COLLEGE GmbH,anfrage@comcave.com,"<ul><li> Mindestens Hauptschulabschluss oder vergleichbaren Schulabschluss.</li><li> Interesse für den IT oder medieninformationstechnischen Bereich.</li><li> Deutsch in Wort und Schrift.</li><li> Grundlegende PC-Kenntnisse.</li><li> Ein internes Auswahlverfahren im Rahmen eines Fachgespräches ist mit ""gut geeignet"" zu bestehen.</li></ul><p>Des Weiteren gelten die Zugangsvoraussetzungen des Kostenträgers, Ausnahmen sind in Absprache mit dem COMCAVE.COLLEGE® und dem Kostenträger möglich.<br/>Die beruflichen und schulischen Zugangsvoraussetzungen werden anhand von Lebenslauf, Zeugnissen und Zertifikaten, bzw. einer Eignungsfeststellung im Rahmen eines ausführlichen persönlichen Fachgespräches geprüft.</p>",bildungsanbieter,not sent,https://www.comcave.de/weiterbildung/bewerbungstraining-vorbereitung/vorbereitung-umschulung-weiterbildung-it-bereich/?utm_campaign=weiterbildung&utm_source=kursnet
Grundkompetenzen: Deutsch 2,TERTIA Berufsförderung GmbH & Co. KG,schnittstelle@tertia.de,keine Angabe,bildungsanbieter,not sent,https://www.tertia.de/tobi_grundkompetenzen/
Vorbereitung auf eine IT-Umschulung - Schwerpunkt: Sprachfestigung auf Englisch B1-Niveau + IT-Facherprobung in einem Grundlagenfach Fachinformatiker,Lernstudio Barbarossa/MegaKids Fortbildungs GmbH,viona@lernstudio-barbarossa.de,<p>Vorausgesetzt werden Sprachkenntnisse auf dem Niveau Englisch A2 und Deutsch B2.</p>,bildungsanbieter,not sent,https://www.lernstudio-barbarossa.de/weiterbildung/?utm_source=Kursnet&utm_campaign=Kursnet&utm_medium=Link_Kurs&utm_term=ZU-S-4009-1
Vorbereitung auf eine Mediengestalter-Umschulung - Schwerpunkt: Tools in der Mediengestaltung - Basis,Berufliche Fortbildungszentren der Bayerischen Wirtschaft (bfz) gGmbH,beratung@bfz.de,"<p>Besondere Teilnahmevoraussetzungen sind nicht nötig, da die konkreten Inhalte und Schwerpunkte individuell auf jeden Teilnehmer, seinen Bedarf und seine Vorkenntnisse abgestimmt werden.</p>",bildungsanbieter,not sent,https://www.bfz.de/r/ibb?utm_source=Kursnet&utm_campaign=Kursnet&utm_medium=Link_Kurs&utm_term=ZU-X-4412-1
Personaldienstleistungskaufmann - Vorbereitung auf die IHK-Prüfung,COMCAVE.COLLEGE GmbH,anfrage@comcave.com,"<ul><li> Die Zulassung zur IHK-Abschlussprüfung muss vorliegen.</li><li> Deutsch in Wort und Schrift.</li><li> Persönliches Eignungsgespräch im Rahmen der Fachberatung.</li></ul><p>Ausnahmen sind in Absprache mit COMCAVE und dem jeweiligen Kostenträger, zum Beispiel der Agentur für Arbeit oder dem Jobcenter, möglich. Des Weiteren gelten die Zugangsvoraussetzungen des Kostenträgers.</p>",bildungsanbieter,not sent,https://www.comcave.de/weiterbildung/bewerbungstraining-vorbereitung/vorbereitungskurse/vorbereitung-ihk-pruefung-personaldienstleistungskaufmann-personaldienstleistungskauffrau/?utm_campaign=weiterbildung&utm_source=kursnet
Vorbereitung auf eine IT-Umschulung - Intensiver Grundlagenaufbau und Vorbereitung der IT-Grundlagenfächer,IBB Institut für Berufliche Bildung GmbH,kundencenter-kursnet@ibb.com,<p>Vorausgesetzt werden Deutschkenntnisse auf dem Niveau Deutsch B2 und Englisch B1.</p><p>Allen Interessierten stehen wir in einem persönlichen Gespräch zur Abklärung ihrer individuellen Teilnahmevoraussetzungen zur Verfügung.</p>,bildungsanbieter,not sent,https://www.ibb.com/kurs-fuer-arbeitssuchende/ZU-E-4002-2?utm_source=Kursnet&utm_medium=Link_Kurs&utm_campaign=Kursnet&utm_term=ZU-E-4002-2
Tourismuskaufmann - Vorbereitung auf die IHK-Prüfung,COMCAVE.COLLEGE GmbH,anfrage@comcave.com,"<ul><li> Die Zulassung zur IHK-Abschlussprüfung muss vorliegen.</li><li> Deutsch in Wort und Schrift.</li><li> Persönliches Eignungsgespräch im Rahmen der Fachberatung.</li></ul><p>Ausnahmen sind in Absprache mit COMCAVE und dem jeweiligen Kostenträger, zum Beispiel der Agentur für Arbeit oder dem Jobcenter, möglich. Des Weiteren gelten die Zugangsvoraussetzungen des Kostenträgers.</p>",bildungsanbieter,not sent,https://www.comcave.de/weiterbildung/bewerbungstraining-vorbereitung/vorbereitungskurse/vorbereitung-ihk-pruefung-tourismuskauffrau-tourimuskaufmann/?utm_campaign=weiterbildung&utm_source=kursnet
Vorbereitungskurs kaufmännische / betriebswirtschaftliche Umschulung,COMCAVE.COLLEGE GmbH,anfrage@comcave.com,"<ul><li> Mindestens Hauptschulabschluss oder vergleichbaren Schulabschluss.</li><li> Interesse für den kaufmännichen Bereich.</li><li> Deutsch in Wort und Schrift.</li><li> Grundlegende PC-Kenntnisse.</li><li> Ein internes Auswahlverfahren im Rahmen eines Fachgespräches ist mit ""gut geeignet"" zu bestehen.</li></ul><p>Des Weiteren gelten die Zugangsvoraussetzungen des Kostenträgers, Ausnahmen sind in Absprache mit dem COMCAVE.COLLEGE® und dem Kostenträger möglich.<br/>Die beruflichen und schulischen Zugangsvoraussetzungen werden anhand von Lebenslauf, Zeugnissen und Zertifikaten, bzw. einer Eignungsfeststellung im Rahmen eines ausführlichen persönlichen Fachgespräches geprüft.</p>",bildungsanbieter,not sent,https://www.comcave.de/weiterbildung/bewerbungstraining-vorbereitung/vorbereitung-kaufmaennische-umschulung/?utm_campaign=weiterbildung&utm_source=kursnet
Betreuungskraft nach §43b und §53b SGB XI,TÜV Rheinland Akademie GmbH I,servicecenter@de.tuv.com,<p>Es werden für diese Maßnahme das Interesse und die Eignung für Gesundheits- und Pflegeberufe sowie ein Orientierungspraktikum oder andere spezifische Berufserfahrung vorausgesetzt.</p>,bildungsanbieter,not sent,https://kurse.tuv.com/weiterbildung/ausbildung-betreuungskraft-43b-53b-sgb-xi?wt_mc=DE25_A06_MYNOW_EL_Textlink_&cpid=DE25_A06_MYNOW_EL&utm_medium=Textlink&utm_source=Externallink&utm_id=DE25_A06_MYNOW_EL&utm_content=Textlink_&utm_campaign=mynow&utm_term=NonPaid
Vorbereitung auf eine IT-Umschulung - mit einem wesentlichen FISI-Hauptfach,Lernstudio Barbarossa/MegaKids Fortbildungs GmbH,viona@lernstudio-barbarossa.de,<p>Vorausgesetzt werden Deutschkenntnisse auf dem Niveau Deutsch B2 und Englisch B1.</p>,bildungsanbieter,not sent,https://www.lernstudio-barbarossa.de/weiterbildung/?utm_source=Kursnet&utm_campaign=Kursnet&utm_medium=Link_Kurs&utm_term=ZU-E-4007-1
Prüfungsvorbereitung Theorie für Elektroberufe,TÜV Rheinland Akademie GmbH I,servicecenter@de.tuv.com,"<p>Voraussetzung für die Teilnahme an der Prüfungsvorbereitung, ist der vorherige Besuch entsprechender Ausbildung/Umschulung im Bereich Elektronik/Elektrotechnik.</p>",bildungsanbieter,not sent,https://kurse.tuv.com/weiterbildung/pruefungsvorbereitung-theorie-elektroberufe?wt_mc=DE25_A06_MYNOW_EL_Textlink_&cpid=DE25_A06_MYNOW_EL&utm_medium=Textlink&utm_source=Externallink&utm_id=DE25_A06_MYNOW_EL&utm_content=Textlink_&utm_campaign=mynow&utm_term=NonPaid
"Mediengestalter Digital und Print - Vorbereitung auf die IHK-Prüfung, Fachrichtung Designkonzeption",COMCAVE.COLLEGE GmbH,anfrage@comcave.com,"<ul><li> Die Zulassung zur IHK-Abschlussprüfung muss vorliegen.</li><li> Deutsch in Wort und Schrift.</li><li> Persönliches Eignungsgespräch im Rahmen der Fachberatung.</li></ul><p>Ausnahmen sind in Absprache mit COMCAVE und dem jeweiligen Kostenträger, zum Beispiel der Agentur für Arbeit oder dem Jobcenter, möglich. Des Weiteren gelten die Zugangsvoraussetzungen des Kostenträgers.</p>",bildungsanbieter,not sent,https://www.comcave.de/weiterbildung/bewerbungstraining-vorbereitung/vorbereitungskurse/vorbereitung-ihk-pruefung-mediengestalter-designkonzeption/?utm_campaign=weiterbildung&utm_source=kursnet
Grundkompetenzen für den Beruf,bfz Kempten,info-ke@bfz.de,<p>- ausreichendes Sprachniveau (mind. B1)<br/>- grundlegende Fähigkeiten in der Bedienung des PC</p>,bildungsanbieter,not sent,https://www.bfz.de/kurs/eca-92535
Immobilienkaufmann - Vorbereitung auf die IHK-Prüfung,COMCAVE.COLLEGE GmbH,anfrage@comcave.com,"<ul><li> Die Zulassung zur IHK-Abschlussprüfung muss vorliegen.</li><li> Deutsch in Wort und Schrift.</li><li> Persönliches Eignungsgespräch im Rahmen der Fachberatung.</li></ul><p>Ausnahmen sind in Absprache mit COMCAVE und dem jeweiligen Kostenträger, zum Beispiel der Agentur für Arbeit oder dem Jobcenter, möglich. Des Weiteren gelten die Zugangsvoraussetzungen des Kostenträgers.</p>",bildungsanbieter,not sent,https://www.comcave.de/weiterbildung/bewerbungstraining-vorbereitung/vorbereitungskurse/vorbereitung-ihk-pruefung-immobilienkaufmann-immobilienkauffrau/?utm_campaign=weiterbildung&utm_source=kursnet
Fachpraktiker Technische(r) Produktdesigner/-in,Annedore-Leber- Berufsbildungswerk Berlin ( ALBBW ),info@albbw.de,<p>Über die Rehaberatung der Agentur für Arbeit am Wohnort.</p><h4>Die berufliche Eignung hängt von vielen Faktoren ab. Sie wird deshalb bei jedem unserer Rehabilitanden individuell vom ärztlichen Dienst des ALBBW beurteilt.</h4>,bildungsanbieter,not sent,https://www.albbw.de/fuer-lehrkraefte-betreuerinnen/ausbildungsangebote/berufsausbildung/
"Kaufmann, Kauffrau für Marketingkommunikation - Vorbereitung auf die IHK-Prüfung",COMCAVE.COLLEGE GmbH,anfrage@comcave.com,"<ul><li> Die Zulassung zur IHK-Abschlussprüfung muss vorliegen.</li><li> Deutsch in Wort und Schrift.</li><li> Persönliches Eignungsgespräch im Rahmen der Fachberatung.</li></ul><p>Ausnahmen sind in Absprache mit COMCAVE und dem jeweiligen Kostenträger, zum Beispiel der Agentur für Arbeit oder dem Jobcenter, möglich. Des Weiteren gelten die Zugangsvoraussetzungen des Kostenträgers.</p>",bildungsanbieter,not sent,https://www.comcave.de/weiterbildung/bewerbungstraining-vorbereitung/vorbereitungskurse/vorbereitung-ihk-pruefung-kaufmann-kauffrau-marketingkommunikation/?utm_campaign=weiterbildung&utm_source=kursnet
Vorbereitung auf eine IT-Umschulung - Schwerpunkt: Vorbereitung auf zwei der IT-Grundlagenfächer,Lernstudio Barbarossa/MegaKids Fortbildungs GmbH,viona@lernstudio-barbarossa.de,<p>Vorausgesetzt werden Deutschkenntnisse auf dem Niveau Deutsch B2 und Englisch B1.</p>,bildungsanbieter,not sent,https://www.lernstudio-barbarossa.de/weiterbildung/?utm_source=Kursnet&utm_campaign=Kursnet&utm_medium=Link_Kurs&utm_term=ZU-E-4005-1
"Kauffrau, Kaufmann für IT System Management - Vorbereitung auf die IHK Prüfung",COMCAVE.COLLEGE GmbH,anfrage@comcave.com,"<ul><li> Die Zulassung zur IHK-Abschlussprüfung muss vorliegen.</li><li> Deutsch in Wort und Schrift.</li><li> Persönliches Eignungsgespräch im Rahmen der Fachberatung.</li></ul><p>Ausnahmen sind in Absprache mit COMCAVE und dem jeweiligen Kostenträger, zum Beispiel der Agentur für Arbeit oder dem Jobcenter, möglich. Des Weiteren gelten die Zugangsvoraussetzungen des Kostenträgers.</p>",bildungsanbieter,not sent,https://www.comcave.de/weiterbildung/bewerbungstraining-vorbereitung/vorbereitungskurse/vorbereitung-ihk-pruefung-kauffrau-kaufmann-it-system-management/?utm_campaign=weiterbildung&utm_source=kursnet
Fachinformatiker*in Fachrichtung Anwendungsentwicklung,gfi München,info-m@die-gfi.de,<p>Zu Informations- und Beratungsgesprächen besteht im Integrationszentrum MAut jederzeit die Möglichkeit.</p>,bildungsanbieter,not sent,https://www.m-aut.de/angebote/fuer-menschen-mit-autismus/integrative-erstausbildungen
Erweiterte Berufsfindung und Arbeitserprobung,BTZ Potsdam der FAW gGmbH,btz-potsdam@faw.de,<p>Aufnahmeverfahren<br/>Zuweisung durch Rehabilitationsträger</p>,bildungsanbieter,not sent,http://www.btz-potsdam.de
Vorbereitung auf eine IT-Umschulung - mit einem wesentlichen FISI-Hauptfach,Berufliche Fortbildungszentren der Bayerischen Wirtschaft (bfz) gGmbH,beratung@bfz.de,<p>Vorausgesetzt werden Deutschkenntnisse auf dem Niveau Deutsch B2 und Englisch B1.</p>,bildungsanbieter,not sent,https://www.bfz.de/r/ibb?utm_source=Kursnet&utm_campaign=Kursnet&utm_medium=Link_Kurs&utm_term=ZU-E-4007-1
Raumausstatterwerker/-in (Rehabilitation),Theodor-Schäfer- Berufsbildungswerk Husum,info@tsbw.de,"<p>Jede Person, bei Zweifeln an der Eignung kann im Theodor-Schäfer-Berufsbildungswerk vor Aufnahme eine individuelle Abklärung erfolgen</p>",bildungsanbieter,not sent,http://www.tsbw.de
Fachinformatiker Anwendungsentwicklung - Vorbereitung auf die IHK-Prüfung,COMCAVE.COLLEGE GmbH,anfrage@comcave.com,"<ul><li> Die Zulassung zur IHK-Abschlussprüfung muss vorliegen.</li><li> Deutsch in Wort und Schrift.</li><li> Persönliches Eignungsgespräch im Rahmen der Fachberatung.</li></ul><p>Ausnahmen sind in Absprache mit COMCAVE und dem jeweiligen Kostenträger, zum Beispiel der Agentur für Arbeit oder dem Jobcenter, möglich. Des Weiteren gelten die Zugangsvoraussetzungen des Kostenträgers.</p>",bildungsanbieter,not sent,https://www.comcave.de/weiterbildung/bewerbungstraining-vorbereitung/vorbereitungskurse/vorbereitung-ihk-pruefung-fachinformatiker-anwendungsentwicklung/?utm_campaign=weiterbildung&utm_source=kursnet
Erwerb von Grundkompetenzen - Grundwissen Mathematik (Grundrechenarten & Bruchrechnung),Berger Bildungsinstitut GmbH,anfrage@berger-bildung.de,<p>An der Maßnahme können Teilnehmer mit unterschiedlichen Zugangsvoraussetzungen teilnehmen. Bestimmte berufliche Vorkenntnisse oder Erfahrungen sind für die Teilnahme an der Maßnahme nicht erforderlich. <br/>Ausnahmeregelungen erfolgen in Abstimmung mit dem JC/der Arbeitsagentur oder der optierenden Kommune. Grundlegende Deutschsprachkenntnisse (Niveau A2 GER) werden vorausgesetzt.</p>,bildungsanbieter,not sent,https://berger-bildungsinstitut.de/viona?utm_source=Kursnet&utm_campaign=Kursnet&utm_medium=Link_Kurs&utm_term=S-2368-A-6#/kurs-fuer-arbeitssuchende/S-2368-A-6
Vorbereitungskurs auf eine medieninformationstechnische Umschulung inkl. Eignungsfeststellung,COMCAVE.COLLEGE GmbH,anfrage@comcave.com,"<ul><li> Deutsch in Wort und Schrift.</li><li> Persönliches Eignungsgespräch im Rahmen der Fachberatung.</li></ul><p>Ausnahmen sind in Absprache mit COMCAVE und dem jeweiligen Kostenträger, zum Beispiel der Agentur für Arbeit oder dem Jobcenter, möglich. Des Weiteren gelten die Zugangsvoraussetzungen des Kostenträgers.</p>",bildungsanbieter,not sent,https://www.comcave.de/weiterbildung/bewerbungstraining-vorbereitung/vorbereitungskurse/vorbereitung-medieninformationstechnische-umschulung-eignungsfeststellung/?utm_campaign=weiterbildung&utm_source=kursnet
"Vorbereitung auf eine Umschulung (kaufmännisch, Lagerlogistik, Schutz und Sicherheit) mit Schwerpunkt Textverarbeitung und Einführung in die Buchführung",Berufliche Fortbildungszentren der Bayerischen Wirtschaft (bfz) gGmbH,beratung@bfz.de,<p>Vorausgesetzt werden Deutschkenntnisse auf dem Niveau Deutsch B2.</p>,bildungsanbieter,not sent,https://www.bfz.de/r/ibb?utm_source=Kursnet&utm_campaign=Kursnet&utm_medium=Link_Kurs&utm_term=ZU-K-4042-1
Metallbauer/in - Fachrichtung Konstruktionstechnik,Berufsbildungswerk St. Franziskus Abensberg,info@bbw-abensberg.de,"<h4>Alter</h4><p>Mindestalter: 15 Jahre<br/></p><h4>Schulbildung</h4><p>Schule zur individuellen Lernförderung, Hauptschule</p>",bildungsanbieter,not sent,http://www.bbw-abensberg.de
Fachverkäufer/Fachverkäuferin im Lebensmittelhandwerk Schwerpunkt Bäckerei (L) Ausbildung,DiakonieMünchenOberbayerngGmbH,,keine Angabe,bildungsanbieter,not sent,
"Betreuungskraft nach §§ 43b, 53b SGB XI mit Computer-Grundlagen und MS Word",IBB Institut für Berufliche Bildung GmbH,kundencenter-kursnet@ibb.com,"<p>Sie müssen sich in einem mindestens fünftägigen Praktikum VOR Beginn des Kurses erproben. Hier sollen Sie als Interessent herausfinden, ob Ihnen die Arbeit mit demenzerkrankten, körperlich beeinträchtigten oder geistig behinderten Menschen Freude bereitet. Computer-Grundlagen sind in diesem Cluster nicht erforderlich, gute sprachliche Verständigung in Deutsch sollten Sie mitbringen.</p><p>Allen Interessierten stehen wir in einem persönlichen Gespräch zur Abklärung ihrer individuellen Teilnahmevoraussetzungen zur Verfügung.</p>",bildungsanbieter,not sent,https://www.ibb.com/kurs-fuer-arbeitssuchende/Z-P-2603-4?utm_source=Kursnet&utm_medium=Link_Kurs&utm_campaign=Kursnet&utm_term=Z-P-2603-4
Erwerb von Grundkompetenzen - Grundwissen Mathematik (Grundrechenarten & Bruchrechnung),IBB Institut für Berufliche Bildung GmbH,kundencenter-kursnet@ibb.com,<p>An der Maßnahme können Teilnehmer mit unterschiedlichen Zugangsvoraussetzungen teilnehmen. Bestimmte berufliche Vorkenntnisse oder Erfahrungen sind für die Teilnahme an der Maßnahme nicht erforderlich.<br/>Ausnahmeregelungen erfolgen in Abstimmung mit dem JC/der Arbeitsagentur oder der optierenden Kommune. Grundlegende Deutschsprachkenntnisse (Niveau A2 GER) werden vorausgesetzt.</p><br/><br/><p>Allen Interessierten stehen wir in einem persönlichen Gespräch zur Abklärung ihrer individuellen Teilnahmevoraussetzungen zur Verfügung.</p>,bildungsanbieter,not sent,https://www.ibb.com/kurs-fuer-arbeitssuchende/S-2368-A-6?utm_source=Kursnet&utm_medium=Link_Kurs&utm_campaign=Kursnet&utm_term=S-2368-A-6
"Vorbereitung auf eine Umschulung (kaufmännisch, Lagerlogistik, Schutz und Sicherheit) mit Schwerpunkt Textverarbeitung und Einführung in die Buchführung",Fortbildungsakademie der Wirtschaft (FAW) gGmbH,beratung@online-weiterbilden.com,<p>Vorausgesetzt werden Deutschkenntnisse auf dem Niveau Deutsch B2.</p>,bildungsanbieter,not sent,https://www.faw.de/r/ibb?utm_source=Kursnet&utm_campaign=Kursnet&utm_medium=Link_Kurs&utm_term=ZU-K-4042-1
Industriekaufmann - Vorbereitung auf die IHK-Prüfung,COMCAVE.COLLEGE GmbH,anfrage@comcave.com,"<ul><li> Die Zulassung zur IHK-Abschlussprüfung muss vorliegen.</li><li> Deutsch in Wort und Schrift.</li><li> Persönliches Eignungsgespräch im Rahmen der Fachberatung.</li></ul><p>Ausnahmen sind in Absprache mit COMCAVE und dem jeweiligen Kostenträger, zum Beispiel der Agentur für Arbeit oder dem Jobcenter, möglich. Des Weiteren gelten die Zugangsvoraussetzungen des Kostenträgers.</p>",bildungsanbieter,not sent,https://www.comcave.de/weiterbildung/bewerbungstraining-vorbereitung/vorbereitungskurse/vorbereitung-ihk-pruefung-industriekauffrau-industriekaufmann/?utm_campaign=weiterbildung&utm_source=kursnet
Alltagsbetreuer/in 4.0 mit digitalen und interkulturellen Kompetenzen,cpi consulting + training GmbH,anfrage@cpi.de,"<ul><li> Deutsch in Wort und Schrift.</li><li> Persönliches Eignungsgespräch im Rahmen der Fachberatung.</li></ul><p>Ausnahmen sind in Absprache mit CPI und dem jeweiligen Kostenträger, zum Beispiel der Agentur für Arbeit oder dem Jobcenter, möglich. Des Weiteren gelten die Zugangsvoraussetzungen des Kostenträgers.</p>",bildungsanbieter,not sent,https://www.cpi.de/kursnet/alltagsbetreuer-digitale-interkulturelle-kompetenzen/?utm_campaign=weiterbildung&utm_source=kursnet
"Kauffrau, Kaufmann für Spedition- und Logistikdienstleistung - Vorbereitung auf die IHK-Prüfung",COMCAVE.COLLEGE GmbH,anfrage@comcave.com,"<ul><li> Die Zulassung zur IHK-Abschlussprüfung muss vorliegen.</li><li> Deutsch in Wort und Schrift.</li><li> Persönliches Eignungsgespräch im Rahmen der Fachberatung.</li></ul><p>Ausnahmen sind in Absprache mit COMCAVE und dem jeweiligen Kostenträger, zum Beispiel der Agentur für Arbeit oder dem Jobcenter, möglich. Des Weiteren gelten die Zugangsvoraussetzungen des Kostenträgers.</p>",bildungsanbieter,not sent,https://www.comcave.de/weiterbildung/bewerbungstraining-vorbereitung/vorbereitungskurse/vorbereitung-ihk-pruefung-kauffrau-kaufmann-spedition-logistikdienstleistung/?utm_campaign=weiterbildung&utm_source=kursnet
Staatlich geprüfter Kinderpfleger/Staatlich geprüfte Kinderpflegerin,Ernst-Benary-Schule,info@ebs-erfurt.de,<p>Hauptschulabschluss oder gleichwertiger Abschluss</p>,bildungsanbieter,not sent,http://www.ebserfurt.de/bfs-kinderpflege.html
Vorbereitung auf eine digitale Umschulung,faw Paderborn,paderborn@faw.de,"<p>- Sicherer Umgang mit dem PC<br/>- Das Speichern und Verwalten von Dateien, sowie die Bedienung von Windowsfenstern muss bekannt sein<br/>- Deutsch in Wort und Schrift (mindestens B2) </p>",bildungsanbieter,not sent,https://www.faw.de/kurs/eca-92358
Fachinformatiker Systemintegration - Vorbereitung auf die IHK-Prüfung,COMCAVE.COLLEGE GmbH,anfrage@comcave.com,"<ul><li> Abgeschlossene Ausbildung oder ausreichende Berufspraxis im kaufmännischen oder im gewerblich-technischen Bereich oder ein Studium bzw. ein abgebrochenes Hochschulstudium sowie Rehabilitanden:innen aus unterschiedlichen Berufsbereichen.</li><li> Affinität für den IT-Bereich.</li><li> Analytisches Denkvermögen wünschenswert.</li><li> Deutsch in Wort und Schrift.</li><li> Grundkenntnisse in Englisch.</li><li> Ein internes Auswahlverfahren im Rahmen eines Fachgesprächs ist mit &quot;gut geeignet&quot; zu bestehen.</li></ul><p>Des Weiteren gelten die Zugangsvoraussetzungen des Kostenträgers, Ausnahmen sind in Absprache mit dem COMCAVE.COLLEGE® und dem Kostenträger möglich.<br/>Die beruflichen und schulischen Zugangsvoraussetzungen werden anhand von Lebenslauf, Zeugnissen und Zertifikaten sowie ggf. eines zusätzlichen schriftlichen Eignungstests im Rahmen eines ausführlichen persönlichen Fachgespräches geprüft.</p>",bildungsanbieter,not sent,https://www.comcave.de/weiterbildung/bewerbungstraining-vorbereitung/vorbereitungskurse/vorbereitung-ihk-pruefung-fachinformatiker-systemintegration/?utm_campaign=weiterbildung&utm_source=kursnet
Vorbereitung auf eine Mediengestalter-Umschulung - Schwerpunkt: Tools in der Mediengestaltung - Basis,Lernstudio Barbarossa/MegaKids Fortbildungs GmbH,viona@lernstudio-barbarossa.de,"<p>Besondere Teilnahmevoraussetzungen sind nicht nötig, da die konkreten Inhalte und Schwerpunkte individuell auf jeden Teilnehmer, seinen Bedarf und seine Vorkenntnisse abgestimmt werden.</p>",bildungsanbieter,not sent,https://www.lernstudio-barbarossa.de/weiterbildung/?utm_source=Kursnet&utm_campaign=Kursnet&utm_medium=Link_Kurs&utm_term=ZU-X-4412-1
Integrative Reha-Ausbildung zum/zur Gartenbauwerker/-in,SBH Nordost GmbH,jobvia@sbh-nordost.de,keine Angabe,bildungsanbieter,not sent,
Berufliche Integration psychosozial beeinträchtigter Personen,Akademie für berufliche Aus- und Weiterbildung Schweiger & Schmitt GmbH,info@schweiger-schmitt.de,keine Angabe,bildungsanbieter,not sent,
HAPS - Erwerb der Berufsreife mit sozialpädagogischer Betreuung,CJD Nord,cjd@cjd.de,"<p>Eine Förderung der Angebotsteilnahme erfolgt über Bildungsgutscheine nach § 81 SGB III, ausgestellt durch die regionalen Arbeitsagenturen oder Jobcenter.</p>",bildungsanbieter,not sent,
Erwerb von Grundkompetenzen mit begleitenden Einzelcoaching (Weiterführungs-Kurs),Softdoor GmbH,info@iasmed.de,<ul><li>mind. B1 Deutschkenntnisse</li><li>Leistungsbezug SGB II oder SGB III</li></ul>,bildungsanbieter,not sent,http://www.softdoor.de
Staatlich geprüfte/r Fremdsprachenkorrespondent/in,EURO Ingolstadt,info@euro-ingolstadt.de,<ul><li>mittlerer Bildungsabschluss und ein erfolgreich bestandener Einstufungstest in der 1. Fremdsprache Englisch</li></ul><p>oder<br/></p><ul><li>eine mindestens 3-jährige hauptberufliche Tätigkeit in einem englischsprachigen Beruf oder erfolgreicher Besuch der 10. Klasse einer Regelschule im englischsprachigen Ausland</li></ul>,bildungsanbieter,not sent,https://www.euro-ingolstadt.de/fremdsprachen-ausbildung/fremdsprachenkorrespondent
"Kauffrau, Kaufmann im Gesundheitswesen - Vorbereitung auf die IHK-Prüfung",COMCAVE.COLLEGE GmbH,anfrage@comcave.com,"<ul><li> Die Zulassung zur IHK-Abschlussprüfung muss vorliegen.</li><li> Deutsch in Wort und Schrift.</li><li> Persönliches Eignungsgespräch im Rahmen der Fachberatung.</li></ul><p>Ausnahmen sind in Absprache mit COMCAVE und dem jeweiligen Kostenträger, zum Beispiel der Agentur für Arbeit oder dem Jobcenter, möglich. Des Weiteren gelten die Zugangsvoraussetzungen des Kostenträgers.</p>",bildungsanbieter,not sent,https://www.comcave.de/weiterbildung/bewerbungstraining-vorbereitung/vorbereitungskurse/vorbereitung-ihk-pruefung-kaufmann-kauffrau-gesundheitswesen/?utm_campaign=weiterbildung&utm_source=kursnet
Fachinformatiker Anwendungsentwicklung - Vorbereitung auf die IHK-Prüfung,COMCAVE.COLLEGE GmbH,anfrage@comcave.com,"<ul><li> Die Zulassung zur IHK-Abschlussprüfung muss vorliegen.</li><li> Deutsch in Wort und Schrift.</li><li> Persönliches Eignungsgespräch im Rahmen der Fachberatung.</li></ul><p>Ausnahmen sind in Absprache mit COMCAVE und dem jeweiligen Kostenträger, zum Beispiel der Agentur für Arbeit oder dem Jobcenter, möglich. Des Weiteren gelten die Zugangsvoraussetzungen des Kostenträgers.</p>",bildungsanbieter,not sent,https://www.comcave.de/weiterbildung/bewerbungstraining-vorbereitung/vorbereitungskurse/vorbereitung-ihk-pruefung-fachinformatiker-anwendungsentwicklung/?utm_campaign=weiterbildung&utm_source=kursnet
"Kauffrau, Kaufmann E-Commerce - Vorbereitung auf die IHK-Prüfung",COMCAVE.COLLEGE GmbH,anfrage@comcave.com,"<ul><li> Die Zulassung zur IHK-Abschlussprüfung muss vorliegen.</li><li> Deutsch in Wort und Schrift.</li><li> Persönliches Eignungsgespräch im Rahmen der Fachberatung.</li></ul><p>Ausnahmen sind in Absprache mit COMCAVE und dem jeweiligen Kostenträger, zum Beispiel der Agentur für Arbeit oder dem Jobcenter, möglich. Des Weiteren gelten die Zugangsvoraussetzungen des Kostenträgers.</p>",bildungsanbieter,not sent,https://www.comcave.de/weiterbildung/bewerbungstraining-vorbereitung/vorbereitungskurse/vorbereitung-ihk-pruefung-kaufmann-kauffrau-ecommerce/?utm_campaign=weiterbildung&utm_source=kursnet
Erwerb von Grundkompetenzen - Grundwissen Mathematik (Anwendung von Zahlen & Zins- und Prozentrechnung),Berger Bildungsinstitut GmbH,anfrage@berger-bildung.de,<p>An der Maßnahme können Teilnehmer mit unterschiedlichen Zugangsvoraussetzungen teilnehmen. Bestimmte berufliche Vorkenntnisse oder Erfahrungen sind für die Teilnahme an der Maßnahme nicht erforderlich. <br/>Ausnahmeregelungen erfolgen in Abstimmung mit dem JC/der Arbeitsagentur oder der optierenden Kommune. Grundlegende Deutschsprachkenntnisse (Niveau A2 GER) werden vorausgesetzt.</p>,bildungsanbieter,not sent,https://berger-bildungsinstitut.de/viona?utm_source=Kursnet&utm_campaign=Kursnet&utm_medium=Link_Kurs&utm_term=S-2368-D-6#/kurs-fuer-arbeitssuchende/S-2368-D-6
Grundlagen für Wirtschafts- und Dienstleistungsberufe inkl. moderne Arbeitswelt,WBS TRAINING SE,info@wbstraining.de,<p>abgeschlossene Berufsausbildung oder mehrjährige Berufserfahrung (für Teilnehmende ohne formalen Berufsabschluss)</p>,bildungsanbieter,not sent,https://www.wbstraining.de/kn/grundlagen-wirtschafts-dienstleistungsberufe/
Veranstaltungskaufmann - Vorbereitung auf die IHK-Prüfung,COMCAVE.COLLEGE GmbH,anfrage@comcave.com,"<ul><li> Die Zulassung zur IHK-Abschlussprüfung muss vorliegen.</li><li> Deutsch in Wort und Schrift.</li><li> Persönliches Eignungsgespräch im Rahmen der Fachberatung.</li></ul><p>Ausnahmen sind in Absprache mit COMCAVE und dem jeweiligen Kostenträger, zum Beispiel der Agentur für Arbeit oder dem Jobcenter, möglich. Des Weiteren gelten die Zugangsvoraussetzungen des Kostenträgers.</p>",bildungsanbieter,not sent,https://www.comcave.de/weiterbildung/bewerbungstraining-vorbereitung/vorbereitungskurse/vorbereitung-auf-ihk-pruefung-veranstaltungskauffrau-veranstaltungskaufmann/?utm_campaign=weiterbildung&utm_source=kursnet
"Vorbereitung auf eine Umschulung (kaufmännisch, Lagerlogistik, Schutz und Sicherheit) mit Schwerpunkt EDV und Einführung in die Buchführung",Berufliche Fortbildungszentren der Bayerischen Wirtschaft (bfz) gGmbH,beratung@bfz.de,<p>Vorausgesetzt werden Deutschkenntnisse auf dem Niveau Deutsch B2.</p>,bildungsanbieter,not sent,https://www.bfz.de/r/ibb?utm_source=Kursnet&utm_campaign=Kursnet&utm_medium=Link_Kurs&utm_term=ZU-K-4039-1
"Alltagsbegleiter - Betreuungskraft nach §§ 43b, 53b SGB XI",COMCAVE.COLLEGE GmbH,anfrage@comcave.com,"<ul><li> Abgeschlossene Ausbildung im relevanten Bereich oder ein Studium bzw. ein abgebrochenes Hochschulstudium oder ausreichende Berufserfahrung</li><li> Deutsch in Wort und Schrift</li><li> Grundlegende EDV-Kenntnisse</li><li> Grundkenntnisse in Englisch wünschenswert, aber nicht zwingend erforderlich</li><li> Ein internes Auswahlverfahren im Rahmen eines Fachgespräches ist mit ""gut geeignet"" zu bestehen</li></ul><p>Des Weiteren gelten die Zugangsvoraussetzungen des Kostenträgers, Ausnahmen sind in Absprache mit dem COMCAVE.COLLEGE® und dem Kostenträger möglich.<br/>Die beruflichen und schulischen Zugangsvoraussetzungen werden anhand von Lebenslauf, Zeugnissen und Zertifikaten, bzw. einer Eignungsfeststellung im Rahmen eines ausführlichen persönlichen Fachgespräches geprüft.</p>",bildungsanbieter,not sent,https://www.comcave.de/weiterbildung/alltagsbetreuer-betreuungskraft-nach-paragraf-43b-53b-sgb-xi/?utm_campaign=weiterbildung&utm_source=kursnet
Vorbereitung auf eine IT Umschulung,bfz Würzburg,info-wue@bfz.de,<p>- Grundlegende Fähigkeiten in der Bedienung des PC (Windows und Word Grundlagen)<br/>- Deutsch in Wort und Schrift (mind. B2)</p>,bildungsanbieter,not sent,https://www.bfz.de/kurs/eca-92600
Fachinformatiker Systemintegration - Vorbereitung auf die IHK-Prüfung,COMCAVE.COLLEGE GmbH,anfrage@comcave.com,"<ul><li> Abgeschlossene Ausbildung oder ausreichende Berufspraxis im kaufmännischen oder im gewerblich-technischen Bereich oder ein Studium bzw. ein abgebrochenes Hochschulstudium sowie Rehabilitanden:innen aus unterschiedlichen Berufsbereichen.</li><li> Affinität für den IT-Bereich.</li><li> Analytisches Denkvermögen wünschenswert.</li><li> Deutsch in Wort und Schrift.</li><li> Grundkenntnisse in Englisch.</li><li> Ein internes Auswahlverfahren im Rahmen eines Fachgesprächs ist mit &quot;gut geeignet&quot; zu bestehen.</li></ul><p>Des Weiteren gelten die Zugangsvoraussetzungen des Kostenträgers, Ausnahmen sind in Absprache mit dem COMCAVE.COLLEGE® und dem Kostenträger möglich.<br/>Die beruflichen und schulischen Zugangsvoraussetzungen werden anhand von Lebenslauf, Zeugnissen und Zertifikaten sowie ggf. eines zusätzlichen schriftlichen Eignungstests im Rahmen eines ausführlichen persönlichen Fachgespräches geprüft.</p>",bildungsanbieter,not sent,https://www.comcave.de/weiterbildung/bewerbungstraining-vorbereitung/vorbereitungskurse/vorbereitung-ihk-pruefung-fachinformatiker-systemintegration/?utm_campaign=weiterbildung&utm_source=kursnet
"Mediengestalter Digital und Print - Vorbereitung auf die IHK-Prüfung, Fachrichtung Designkonzeption",COMCAVE.COLLEGE GmbH,anfrage@comcave.com,"<ul><li> Die Zulassung zur IHK-Abschlussprüfung muss vorliegen.</li><li> Deutsch in Wort und Schrift.</li><li> Persönliches Eignungsgespräch im Rahmen der Fachberatung.</li></ul><p>Ausnahmen sind in Absprache mit COMCAVE und dem jeweiligen Kostenträger, zum Beispiel der Agentur für Arbeit oder dem Jobcenter, möglich. Des Weiteren gelten die Zugangsvoraussetzungen des Kostenträgers.</p>",bildungsanbieter,not sent,https://www.comcave.de/weiterbildung/bewerbungstraining-vorbereitung/vorbereitungskurse/vorbereitung-ihk-pruefung-mediengestalter-designkonzeption/?utm_campaign=weiterbildung&utm_source=kursnet
Vorbereitung auf eine IT-Umschulung - Schwerpunkt: Vorbereitung auf zwei der IT-Grundlagenfächer,Berufliche Fortbildungszentren der Bayerischen Wirtschaft (bfz) gGmbH,beratung@bfz.de,<p>Vorausgesetzt werden Deutschkenntnisse auf dem Niveau Deutsch B2 und Englisch B1.</p>,bildungsanbieter,not sent,https://www.bfz.de/r/ibb?utm_source=Kursnet&utm_campaign=Kursnet&utm_medium=Link_Kurs&utm_term=ZU-E-4005-1
Veranstaltungskaufmann - Vorbereitung auf die IHK-Prüfung,COMCAVE.COLLEGE GmbH,anfrage@comcave.com,"<ul><li> Die Zulassung zur IHK-Abschlussprüfung muss vorliegen.</li><li> Deutsch in Wort und Schrift.</li><li> Persönliches Eignungsgespräch im Rahmen der Fachberatung.</li></ul><p>Ausnahmen sind in Absprache mit COMCAVE und dem jeweiligen Kostenträger, zum Beispiel der Agentur für Arbeit oder dem Jobcenter, möglich. Des Weiteren gelten die Zugangsvoraussetzungen des Kostenträgers.</p>",bildungsanbieter,not sent,https://www.comcave.de/weiterbildung/bewerbungstraining-vorbereitung/vorbereitungskurse/vorbereitung-auf-ihk-pruefung-veranstaltungskauffrau-veranstaltungskaufmann/?utm_campaign=weiterbildung&utm_source=kursnet
"Kauffrau, Kaufmann für Spedition- und Logistikdienstleistung - Vorbereitung auf die IHK-Prüfung",COMCAVE.COLLEGE GmbH,anfrage@comcave.com,"<ul><li> Die Zulassung zur IHK-Abschlussprüfung muss vorliegen.</li><li> Deutsch in Wort und Schrift.</li><li> Persönliches Eignungsgespräch im Rahmen der Fachberatung.</li></ul><p>Ausnahmen sind in Absprache mit COMCAVE und dem jeweiligen Kostenträger, zum Beispiel der Agentur für Arbeit oder dem Jobcenter, möglich. Des Weiteren gelten die Zugangsvoraussetzungen des Kostenträgers.</p>",bildungsanbieter,not sent,https://www.comcave.de/weiterbildung/bewerbungstraining-vorbereitung/vorbereitungskurse/vorbereitung-ihk-pruefung-kauffrau-kaufmann-spedition-logistikdienstleistung/?utm_campaign=weiterbildung&utm_source=kursnet
Grundlagen für Wirtschafts- und Dienstleistungsberufe inkl. moderne Arbeitswelt,WBS TRAINING SE,info@wbstraining.de,<p>abgeschlossene Berufsausbildung oder mehrjährige Berufserfahrung (für Teilnehmende ohne formalen Berufsabschluss)</p>,bildungsanbieter,not sent,https://www.wbstraining.de/kn/grundlagen-wirtschafts-dienstleistungsberufe/
Erwerb von Grundkompetenzen - Grundwissen Mathematik (Anwendung von Zahlen & Zins- und Prozentrechnung),IBB Institut für Berufliche Bildung GmbH,kundencenter-kursnet@ibb.com,<p>An der Maßnahme können Teilnehmer mit unterschiedlichen Zugangsvoraussetzungen teilnehmen. Bestimmte berufliche Vorkenntnisse oder Erfahrungen sind für die Teilnahme an der Maßnahme nicht erforderlich.<br/>Ausnahmeregelungen erfolgen in Abstimmung mit dem JC/der Arbeitsagentur oder der optierenden Kommune. Grundlegende Deutschsprachkenntnisse (Niveau A2 GER) werden vorausgesetzt.</p><br/><br/><p>Allen Interessierten stehen wir in einem persönlichen Gespräch zur Abklärung ihrer individuellen Teilnahmevoraussetzungen zur Verfügung.</p>,bildungsanbieter,not sent,https://www.ibb.com/kurs-fuer-arbeitssuchende/S-2368-D-6?utm_source=Kursnet&utm_medium=Link_Kurs&utm_campaign=Kursnet&utm_term=S-2368-D-6
"Kauffrau, Kaufmann für Spedition- und Logistikdienstleistung - Vorbereitung auf die IHK-Prüfung",COMCAVE.COLLEGE GmbH,anfrage@comcave.com,"<ul><li> Die Zulassung zur IHK-Abschlussprüfung muss vorliegen.</li><li> Deutsch in Wort und Schrift.</li><li> Persönliches Eignungsgespräch im Rahmen der Fachberatung.</li></ul><p>Ausnahmen sind in Absprache mit COMCAVE und dem jeweiligen Kostenträger, zum Beispiel der Agentur für Arbeit oder dem Jobcenter, möglich. Des Weiteren gelten die Zugangsvoraussetzungen des Kostenträgers.</p>",bildungsanbieter,not sent,https://www.comcave.de/weiterbildung/bewerbungstraining-vorbereitung/vorbereitungskurse/vorbereitung-ihk-pruefung-kauffrau-kaufmann-spedition-logistikdienstleistung/?utm_campaign=weiterbildung&utm_source=kursnet
Technische Hilfskraft für den IT-Bereich inklusive technischem Englisch,GFN GmbH,kursnet-beratung@gfn.de,<ul><li>Gute Deutschkenntnisse</li><li>Ausreichende Englischkenntnisse</li><li>Grundkenntnisse in Microsoft Office und Erfahrungen mit Internet-Browsern</li><li>Teilnahme an einem unverbindlichen Beratungsgespräch</li></ul>,bildungsanbieter,not sent,https://www.gfn.de/esther/?itn=KN-V546-30&utm_source=kursnet&utm_medium=portal&utm_campaign=KN-LINK-MOD&utm_term=Heidelberg&utm_content=KN-V546-30
Berufseinstiegsschule Klasse 2 Hauswirtschaft und Pflege,BBS Papenburg Hauswirtschaft und Soziales,info@bbshus.de,<p>Kein oder schwacher Hauptschulabschluss</p>,bildungsanbieter,not sent,https://bbs-papenburg-hus.de/bildungsgang/bes-klasse-2-hauswirtschaft
Sport- und Fitnesskaufmann - Vorbereitung auf die IHK-Prüfung,COMCAVE.COLLEGE GmbH,anfrage@comcave.com,"<ul><li> Die Zulassung zur IHK-Abschlussprüfung muss vorliegen.</li><li> Deutsch in Wort und Schrift.</li><li> Persönliches Eignungsgespräch im Rahmen der Fachberatung.</li></ul><p>Ausnahmen sind in Absprache mit COMCAVE und dem jeweiligen Kostenträger, zum Beispiel der Agentur für Arbeit oder dem Jobcenter, möglich. Des Weiteren gelten die Zugangsvoraussetzungen des Kostenträgers.</p>",bildungsanbieter,not sent,https://www.comcave.de/weiterbildung/bewerbungstraining-vorbereitung/vorbereitungskurse/vorbereitung-ihk-pruefung-sport-fitnesskauffrau-fitnesskaufmann/?utm_campaign=weiterbildung&utm_source=kursnet
Kranken- und Altenpflegerhelfer/in,Regionales Berufliches Bildungszentrum LH Schwerin Gesundheit & Soziales,info@geso-sn.de,"<p>- ein Hauptschulabschluss oder ein gleichwertiger Bildungsstand oder<br/>- eine mindestens zweijährige berufliche Tätigkeit in der Alten- oder Krankenpflegehilfe in einem Krankenhaus oder in zugelassenen Pflegeeinrichtungen<br/>- Anerkennungsbescheid über einen gleichwertigen Schulabschluss vom Bildungsministerium MV bei Migrationshintergrund<br/>- B2 Sprachniveau Deutsch bei Migrationshintergrund<br/>- gesundheitliche Eignung zur Ausübung des Berufes<br/>- Masernimpfschutz bzw. Masernimmunität</p><p>Bewerbungsunterlagen:<br/>an die derzeit kooperierenden Ausbildungsbetriebe des Regionalen Beruflichen Bildungszentrums der Landeshauptstadt Schwerin - Gesundheit und Sozialwesen mit Bewerbungsanschreiben, Tabellarischen Lebenslauf mit Telefonnummer und Mail-Adresse und Kopie des letzten Schul- oder Abschlusszeugnisses, evtl. Praktikumsnachweise</p>",bildungsanbieter,not sent,https://www.geso-sn.de/gesundheit/kranken-und-altenpflegehilfe/
Vorbereitung auf eine IT-Umschulung - mit einem wesentlichen FISI-Hauptfach,IBB Institut für Berufliche Bildung GmbH,kundencenter-kursnet@ibb.com,<p>Vorausgesetzt werden Deutschkenntnisse auf dem Niveau Deutsch B2 und Englisch B1.</p><p>Allen Interessierten stehen wir in einem persönlichen Gespräch zur Abklärung ihrer individuellen Teilnahmevoraussetzungen zur Verfügung.</p>,bildungsanbieter,not sent,https://www.ibb.com/kurs-fuer-arbeitssuchende/ZU-E-4007-1?utm_source=Kursnet&utm_medium=Link_Kurs&utm_campaign=Kursnet&utm_term=ZU-E-4007-1
"Aufbaumodul Zusätzliche Betreuungskraft im Pflegeheim nach §§ 43b, 53b SGB XI",Deutsches Rotes Kreuz,azav.ausbildung@drk-fulda.de,"<p>Für folgenden Anforderungen muss ein Nachweis erbracht werden. <br/>Mindestausbildung:<br/>""Helfer in der Pflege"" bzw. ""Schwesternhelferin Lehrgang""</p>",bildungsanbieter,not sent,https://drk-akademie-fulda.de/Pflege-Betreuung
Vorbereitung auf eine IT-Umschulung - Schwerpunkt: Sprachfestigung auf Englisch B1-Niveau + IT-Facherprobung in einem Grundlagenfach Fachinformatiker,Bildungswerk der Hessischen Wirtschaft e. V.,zentrale@bwhw.de,<p>Vorausgesetzt werden Sprachkenntnisse auf dem Niveau Englisch A2 und Deutsch B2.</p>,bildungsanbieter,not sent,https://www.bwhw.de/fuer-menschen/arbeitsuchende/online-weiterbildungsangebote/?utm_source=Kursnet&utm_campaign=Kursnet&utm_medium=Link_Kurs&utm_term=ZU-S-4009-1#/kurs-fuer-arbeitssuchende/ZU-S-4009-1
Erwerb von Grundkompetenzen - IT-Kompetenz (PC - Computer Grundlagen; Browser und Microsoft Outlook),IBB Institut für Berufliche Bildung GmbH,kundencenter-kursnet@ibb.com,"<p>Bestimmte berufliche Vorkenntnisse oder Erfahrungen sind für eine Teilnahme nicht erforderlich. Um unser Angebot individuell auf Ihre Bedürfnisse zuschneiden zu können, führen wir mit Ihnen vorab ein persönliches Beratungsgespräch. Ausnahmeregelungen erfolgen in Abstimmung mit dem Jobcenter bzw. der Arbeitsagentur oder der optierenden Kommune.</p><p>Allen Interessierten stehen wir in einem persönlichen Gespräch zur Abklärung ihrer individuellen Teilnahmevoraussetzungen zur Verfügung.</p>",bildungsanbieter,not sent,https://www.ibb.com/kurs-fuer-arbeitssuchende/S-2368-H-6?utm_source=Kursnet&utm_medium=Link_Kurs&utm_campaign=Kursnet&utm_term=S-2368-H-6
Vorbereitung auf eine IT-Umschulung - mit einem wesentlichen FISI-Hauptfach,Lernstudio Barbarossa/MegaKids Fortbildungs GmbH,viona@lernstudio-barbarossa.de,<p>Vorausgesetzt werden Deutschkenntnisse auf dem Niveau Deutsch B2 und Englisch B1.</p>,bildungsanbieter,not sent,https://www.lernstudio-barbarossa.de/weiterbildung/?utm_source=Kursnet&utm_campaign=Kursnet&utm_medium=Link_Kurs&utm_term=ZU-E-4007-1
"Kauffrau, Kaufmann für Spedition- und Logistikdienstleistung - Vorbereitung auf die IHK-Prüfung",COMCAVE.COLLEGE GmbH,anfrage@comcave.com,"<ul><li> Die Zulassung zur IHK-Abschlussprüfung muss vorliegen.</li><li> Deutsch in Wort und Schrift.</li><li> Persönliches Eignungsgespräch im Rahmen der Fachberatung.</li></ul><p>Ausnahmen sind in Absprache mit COMCAVE und dem jeweiligen Kostenträger, zum Beispiel der Agentur für Arbeit oder dem Jobcenter, möglich. Des Weiteren gelten die Zugangsvoraussetzungen des Kostenträgers.</p>",bildungsanbieter,not sent,https://www.comcave.de/weiterbildung/bewerbungstraining-vorbereitung/vorbereitungskurse/vorbereitung-ihk-pruefung-kauffrau-kaufmann-spedition-logistikdienstleistung/?utm_campaign=weiterbildung&utm_source=kursnet
"Kauffrau, Kaufmann für Spedition- und Logistikdienstleistung - Vorbereitung auf die IHK-Prüfung",COMCAVE.COLLEGE GmbH,anfrage@comcave.com,"<ul><li> Die Zulassung zur IHK-Abschlussprüfung muss vorliegen.</li><li> Deutsch in Wort und Schrift.</li><li> Persönliches Eignungsgespräch im Rahmen der Fachberatung.</li></ul><p>Ausnahmen sind in Absprache mit COMCAVE und dem jeweiligen Kostenträger, zum Beispiel der Agentur für Arbeit oder dem Jobcenter, möglich. Des Weiteren gelten die Zugangsvoraussetzungen des Kostenträgers.</p>",bildungsanbieter,not sent,https://www.comcave.de/weiterbildung/bewerbungstraining-vorbereitung/vorbereitungskurse/vorbereitung-ihk-pruefung-kauffrau-kaufmann-spedition-logistikdienstleistung/?utm_campaign=weiterbildung&utm_source=kursnet
"Automobilkauffrau, Automobilkaufmann - Vorbereitung auf die IHK-Prüfung",COMCAVE.COLLEGE GmbH,anfrage@comcave.com,"<ul><li> Die Zulassung zur IHK-Abschlussprüfung muss vorliegen.</li><li> Deutsch in Wort und Schrift.</li><li> Persönliches Eignungsgespräch im Rahmen der Fachberatung.</li></ul><p>Ausnahmen sind in Absprache mit COMCAVE und dem jeweiligen Kostenträger, zum Beispiel der Agentur für Arbeit oder dem Jobcenter, möglich. Des Weiteren gelten die Zugangsvoraussetzungen des Kostenträgers.</p>",bildungsanbieter,not sent,https://www.comcave.de/weiterbildung/bewerbungstraining-vorbereitung/vorbereitungskurse/vorbereitung-ihk-pruefung-automobilkaufmann-automobilkauffrau/?utm_campaign=weiterbildung&utm_source=kursnet
Erwerb von Grundkompetenzen - IT-Kompetenz (PC - Computer Grundlagen und Microsoft Word - Textverarbeitung),TERTIA Berufsförderung GmbH & Co. KG,info@tertia.de,"<p>Bestimmte berufliche Vorkenntnisse oder Erfahrungen sind für eine Teilnahme nicht erforderlich. Um unser Angebot individuell auf Ihre Bedürfnisse zuschneiden zu können, führen wir mit Ihnen vorab ein persönliches Beratungsgespräch. Ausnahmeregelungen erfolgen in Abstimmung mit dem Jobcenter bzw. der Arbeitsagentur oder der optierenden Kommune.</p>",bildungsanbieter,not sent,https://www.viona.online/kursdetail/s-2368-k?utm_source=Kursnet&utm_campaign=Kursnet&utm_medium=Link_Kurs&utm_term=S-2368-K-6_TERTIA
Fachinformatiker Anwendungsentwicklung - Vorbereitung auf die IHK-Prüfung,COMCAVE.COLLEGE GmbH,anfrage@comcave.com,"<ul><li> Die Zulassung zur IHK-Abschlussprüfung muss vorliegen.</li><li> Deutsch in Wort und Schrift.</li><li> Persönliches Eignungsgespräch im Rahmen der Fachberatung.</li></ul><p>Ausnahmen sind in Absprache mit COMCAVE und dem jeweiligen Kostenträger, zum Beispiel der Agentur für Arbeit oder dem Jobcenter, möglich. Des Weiteren gelten die Zugangsvoraussetzungen des Kostenträgers.</p>",bildungsanbieter,not sent,https://www.comcave.de/weiterbildung/bewerbungstraining-vorbereitung/vorbereitungskurse/vorbereitung-ihk-pruefung-fachinformatiker-anwendungsentwicklung/?utm_campaign=weiterbildung&utm_source=kursnet
Erwerb von Grundkompetenzen - Grundwissen Mathematik (Anwendung von Zahlen & Zins- und Prozentrechnung),IBB Institut für Berufliche Bildung GmbH,kundencenter-kursnet@ibb.com,<p>An der Maßnahme können Teilnehmer mit unterschiedlichen Zugangsvoraussetzungen teilnehmen. Bestimmte berufliche Vorkenntnisse oder Erfahrungen sind für die Teilnahme an der Maßnahme nicht erforderlich.<br/>Ausnahmeregelungen erfolgen in Abstimmung mit dem JC/der Arbeitsagentur oder der optierenden Kommune. Grundlegende Deutschsprachkenntnisse (Niveau A2 GER) werden vorausgesetzt.</p><br/><br/><p>Allen Interessierten stehen wir in einem persönlichen Gespräch zur Abklärung ihrer individuellen Teilnahmevoraussetzungen zur Verfügung.</p>,bildungsanbieter,not sent,https://www.ibb.com/kurs-fuer-arbeitssuchende/S-2368-D-6?utm_source=Kursnet&utm_medium=Link_Kurs&utm_campaign=Kursnet&utm_term=S-2368-D-6
Vorbereitung auf eine Mediengestalter-Umschulung - Schwerpunkt: Tools in der Mediengestaltung - Intensiv,Fortbildungsakademie der Wirtschaft (FAW) gGmbH,beratung@online-weiterbilden.com,"<p>Besondere Teilnahmevoraussetzungen sind nicht nötig, da die konkreten Inhalte und Schwerpunkte individuell auf jeden Teilnehmer, seinen Bedarf und seine Vorkenntnisse abgestimmt werden.</p>",bildungsanbieter,not sent,https://www.faw.de/r/ibb?utm_source=Kursnet&utm_campaign=Kursnet&utm_medium=Link_Kurs&utm_term=ZU-X-4410-1
Veranstaltungskaufmann - Vorbereitung auf die IHK-Prüfung,COMCAVE.COLLEGE GmbH,anfrage@comcave.com,"<ul><li> Die Zulassung zur IHK-Abschlussprüfung muss vorliegen.</li><li> Deutsch in Wort und Schrift.</li><li> Persönliches Eignungsgespräch im Rahmen der Fachberatung.</li></ul><p>Ausnahmen sind in Absprache mit COMCAVE und dem jeweiligen Kostenträger, zum Beispiel der Agentur für Arbeit oder dem Jobcenter, möglich. Des Weiteren gelten die Zugangsvoraussetzungen des Kostenträgers.</p>",bildungsanbieter,not sent,https://www.comcave.de/weiterbildung/bewerbungstraining-vorbereitung/vorbereitungskurse/vorbereitung-auf-ihk-pruefung-veranstaltungskauffrau-veranstaltungskaufmann/?utm_campaign=weiterbildung&utm_source=kursnet
"Vorbereitung auf eine Umschulung (kaufmännisch, Lagerlogistik, Schutz und Sicherheit) mit Einführung in die Buchführung",Do IT Digital GmbH,info@doit-digital.com,<p>Vorausgesetzt werden Deutschkenntnisse auf dem Niveau Deutsch B2.</p>,bildungsanbieter,not sent,https://doit-digital.com/kursliste/?utm_source=Kursnet&utm_campaign=Kursnet&utm_medium=Link_Kurs&utm_term=ZU-K-4047-1#/kurs-fuer-arbeitssuchende/ZU-K-4047-1
Erwerb von Grundkompetenzen - Grundwissen Mathematik (Grundrechenarten & Bruchrechnung),TERTIA Berufsförderung GmbH & Co. KG,info@tertia.de,<p>An der Maßnahme können Teilnehmer mit unterschiedlichen Zugangsvoraussetzungen teilnehmen. Bestimmte berufliche Vorkenntnisse oder Erfahrungen sind für die Teilnahme an der Maßnahme nicht erforderlich. <br/>Ausnahmeregelungen erfolgen in Abstimmung mit dem JC/der Arbeitsagentur oder der optierenden Kommune. Grundlegende Deutschsprachkenntnisse (Niveau A2 GER) werden vorausgesetzt.</p>,bildungsanbieter,not sent,https://www.viona.online/kursdetail/s-2368-a?utm_source=Kursnet&utm_campaign=Kursnet&utm_medium=Link_Kurs&utm_term=S-2368-A-6_TERTIA
"Kaufmann für Groß- und Außenhandelsmanagement, Fachrichtung (Außenhandel) - Vorbereitung auf die IHK-Prüfung",COMCAVE.COLLEGE GmbH,anfrage@comcave.com,"<ul><li> Die Zulassung zur IHK-Abschlussprüfung muss vorliegen.</li><li> Deutsch in Wort und Schrift.</li><li> Persönliches Eignungsgespräch im Rahmen der Fachberatung.</li></ul><p>Ausnahmen sind in Absprache mit COMCAVE und dem jeweiligen Kostenträger, zum Beispiel der Agentur für Arbeit oder dem Jobcenter, möglich. Des Weiteren gelten die Zugangsvoraussetzungen des Kostenträgers.</p>",bildungsanbieter,not sent,https://www.comcave.de/weiterbildung/bewerbungstraining-vorbereitung/vorbereitungskurse/vorbereitung-ihk-pruefung-kauffrau-kaufmann-gross-aussenhandelsmanagement-aussenhandel/?utm_campaign=weiterbildung&utm_source=kursnet
"Mediengestalter Digital und Print - Vorbereitung auf die IHK-Prüfung, Fachrichtung Digitalmedien",COMCAVE.COLLEGE GmbH,anfrage@comcave.com,"<ul><li> Die Zulassung zur IHK-Abschlussprüfung muss vorliegen.</li><li> Deutsch in Wort und Schrift.</li><li> Persönliches Eignungsgespräch im Rahmen der Fachberatung.</li></ul><p>Ausnahmen sind in Absprache mit COMCAVE und dem jeweiligen Kostenträger, zum Beispiel der Agentur für Arbeit oder dem Jobcenter, möglich. Des Weiteren gelten die Zugangsvoraussetzungen des Kostenträgers.</p>",bildungsanbieter,not sent,https://www.comcave.de/weiterbildung/bewerbungstraining-vorbereitung/vorbereitungskurse/vorbereitung-ihk-pruefung-mediengestalter-digitalmedien/?utm_campaign=weiterbildung&utm_source=kursnet
Fachinformatiker Anwendungsentwicklung - Vorbereitung auf die IHK-Prüfung,COMCAVE.COLLEGE GmbH,anfrage@comcave.com,"<ul><li> Die Zulassung zur IHK-Abschlussprüfung muss vorliegen.</li><li> Deutsch in Wort und Schrift.</li><li> Persönliches Eignungsgespräch im Rahmen der Fachberatung.</li></ul><p>Ausnahmen sind in Absprache mit COMCAVE und dem jeweiligen Kostenträger, zum Beispiel der Agentur für Arbeit oder dem Jobcenter, möglich. Des Weiteren gelten die Zugangsvoraussetzungen des Kostenträgers.</p>",bildungsanbieter,not sent,https://www.comcave.de/weiterbildung/bewerbungstraining-vorbereitung/vorbereitungskurse/vorbereitung-ihk-pruefung-fachinformatiker-anwendungsentwicklung/?utm_campaign=weiterbildung&utm_source=kursnet
"Vorbereitung auf eine Umschulung (kaufmännisch, Lagerlogistik, Schutz und Sicherheit) mit Schwerpunkt Textverarbeitung und Einführung in die Buchführung",QZA UG (haftungsbeschränkt),hello@qza-akademie.de,<p>Vorausgesetzt werden Deutschkenntnisse auf dem Niveau Deutsch B2.</p>,bildungsanbieter,not sent,https://qza-akademie.de/weiterbildungen-coaching/?utm_source=Kursnet&utm_campaign=Kursnet&utm_medium=Link_Kurs&utm_term=ZU-K-4042-1#/kurs-fuer-arbeitssuchende/ZU-K-4042-1
Vorbereitung auf die Mittlere Reife (FA-NRW),CK-Akademie,info@ck-akademie.de,"<p>Erfüllung der Vollzeitschulpflicht (10 Jahre), Erfüllung der Schulpflicht in der Sekundarstufe II, Erstwohnsitz in Nordrhein-Westfalen. Je nach gewähltem Kurs können weitere Zugangsvoraussetzungen gelten. Diese werden vor der Anmeldung in einem persönlichen Beratungsgespräch individuell geprüft.</p>",bildungsanbieter,not sent,https://www.ck-fernakademie.de/nrw/mittlere-reife/
"Berufsanschlussfähige Teilqualifizierung (MyTQ) - Fachinformatiker*in für Systemintegration - TQ2 IT-Netzwerke installieren, integrieren und konfigurieren",Internationaler Bund IB Mitte gGmbH für Bildung und soziale Dienste,,"<p>Bildungsgutschein (FbW), gegebenenfalls sind weitere Förderungen möglich, wir beraten Sie gerne. Zur Teilnahme sind Sprachkenntnisse auf Niveau B2 notwendig.</p>",bildungsanbieter,not sent,https://ib-mitte.de/fachinformatiker-systemintegration-mytq
Vorbereitung auf eine IT-Umschulung - Schwerpunkte: Vorbereitung der drei IT-Grundlagenfächer,Lernstudio Barbarossa/MegaKids Fortbildungs GmbH,viona@lernstudio-barbarossa.de,<p>Vorausgesetzt werden Deutschkenntnisse auf dem Niveau Deutsch B2 und Englisch B1.</p>,bildungsanbieter,not sent,https://www.lernstudio-barbarossa.de/weiterbildung/?utm_source=Kursnet&utm_campaign=Kursnet&utm_medium=Link_Kurs&utm_term=ZU-E-4004-1
Vorbereitung auf eine Mediengestalter-Umschulung - Schwerpunkt: Tools in der Mediengestaltung - Basis,IBB Institut für Berufliche Bildung GmbH,kundencenter-kursnet@ibb.com,"<p>Besondere Teilnahmevoraussetzungen sind nicht nötig, da die konkreten Inhalte und Schwerpunkte individuell auf jeden Teilnehmer, seinen Bedarf und seine Vorkenntnisse abgestimmt werden.</p><p>Allen Interessierten stehen wir in einem persönlichen Gespräch zur Abklärung ihrer individuellen Teilnahmevoraussetzungen zur Verfügung.</p>",bildungsanbieter,not sent,https://www.ibb.com/kurs-fuer-arbeitssuchende/ZU-X-4412-1?utm_source=Kursnet&utm_medium=Link_Kurs&utm_campaign=Kursnet&utm_term=ZU-X-4412-1
Sport- und Fitnesskaufmann - Vorbereitung auf die IHK-Prüfung,COMCAVE.COLLEGE GmbH,anfrage@comcave.com,"<ul><li> Die Zulassung zur IHK-Abschlussprüfung muss vorliegen.</li><li> Deutsch in Wort und Schrift.</li><li> Persönliches Eignungsgespräch im Rahmen der Fachberatung.</li></ul><p>Ausnahmen sind in Absprache mit COMCAVE und dem jeweiligen Kostenträger, zum Beispiel der Agentur für Arbeit oder dem Jobcenter, möglich. Des Weiteren gelten die Zugangsvoraussetzungen des Kostenträgers.</p>",bildungsanbieter,not sent,https://www.comcave.de/weiterbildung/bewerbungstraining-vorbereitung/vorbereitungskurse/vorbereitung-ihk-pruefung-sport-fitnesskauffrau-fitnesskaufmann/?utm_campaign=weiterbildung&utm_source=kursnet
Erwerb von Grundkompetenzen - Grundwissen Mathematik (Anwendung von Zahlen & Zins- und Prozentrechnung),Donner + Partner GmbH Baden-Württemberg,viona.bawue@donner-partner.de,<p>An der Maßnahme können Teilnehmer mit unterschiedlichen Zugangsvoraussetzungen teilnehmen. Bestimmte berufliche Vorkenntnisse oder Erfahrungen sind für die Teilnahme an der Maßnahme nicht erforderlich. <br/>Ausnahmeregelungen erfolgen in Abstimmung mit dem JC/der Arbeitsagentur oder der optierenden Kommune. Grundlegende Deutschsprachkenntnisse (Niveau A2 GER) werden vorausgesetzt.</p>,bildungsanbieter,not sent,https://donner-partner.de/viona-seminare/?utm_source=Kursnet&utm_campaign=Kursnet&utm_medium=Link_Kurs&utm_term=S-2368-D-6#/kurs-fuer-arbeitssuchende/S-2368-D-6
Veranstaltungskaufmann - Vorbereitung auf die IHK-Prüfung,COMCAVE.COLLEGE GmbH,anfrage@comcave.com,"<ul><li> Die Zulassung zur IHK-Abschlussprüfung muss vorliegen.</li><li> Deutsch in Wort und Schrift.</li><li> Persönliches Eignungsgespräch im Rahmen der Fachberatung.</li></ul><p>Ausnahmen sind in Absprache mit COMCAVE und dem jeweiligen Kostenträger, zum Beispiel der Agentur für Arbeit oder dem Jobcenter, möglich. Des Weiteren gelten die Zugangsvoraussetzungen des Kostenträgers.</p>",bildungsanbieter,not sent,https://www.comcave.de/weiterbildung/bewerbungstraining-vorbereitung/vorbereitungskurse/vorbereitung-auf-ihk-pruefung-veranstaltungskauffrau-veranstaltungskaufmann/?utm_campaign=weiterbildung&utm_source=kursnet
IT-System-Elektroniker - Vorbereitung auf die IHK-Prüfung,COMCAVE.COLLEGE GmbH,anfrage@comcave.com,"<ul><li> Die Zulassung zur IHK-Abschlussprüfung muss vorliegen.</li><li> Deutsch in Wort und Schrift.</li><li> Persönliches Eignungsgespräch im Rahmen der Fachberatung.</li></ul><p>Ausnahmen sind in Absprache mit COMCAVE und dem jeweiligen Kostenträger, zum Beispiel der Agentur für Arbeit oder dem Jobcenter, möglich. Des Weiteren gelten die Zugangsvoraussetzungen des Kostenträgers.</p>",bildungsanbieter,not sent,https://www.comcave.de/weiterbildung/bewerbungstraining-vorbereitung/vorbereitungskurse/vorbereitung-ihk-pruefung-it-system-elektroniker/?utm_campaign=weiterbildung&utm_source=kursnet
Maßnahme zum Erwerb von Grundkompetenzen mit Englisch,WBS TRAINING SE,info@wbstraining.de,"<p>An dieser Maßnahme zum Erwerb von Grundkompetenzen können Sie teilnehmen, wenn Sie einen anerkannten Berufsabschluss anstreben und sich auf die entsprechende Umschulung vorbereiten möchten, indem Sie grundlegende Kenntnisse absichern.</p>",bildungsanbieter,not sent,https://www.wbstraining.de/kn/erwerb-grundkompetenzen-varianten/
Vorbereitung auf eine digitale Umschulung,faw Hamburg,hamburg@faw.de,"<p>- Sicherer Umgang mit dem PC<br/>- Das Speichern und Verwalten von Dateien, sowie die Bedienung von Windowsfenstern muss bekannt sein<br/>- Deutsch in Wort und Schrift (mindestens B2) </p>",bildungsanbieter,not sent,https://www.faw.de/kurs/eca-92358
"Vorbereitung auf eine Umschulung (kaufmännisch, Lagerlogistik, Schutz und Sicherheit) mit Schwerpunkt Textverarbeitung und Einführung in die Buchführung",Lernstudio Barbarossa/MegaKids Fortbildungs GmbH,viona@lernstudio-barbarossa.de,<p>Vorausgesetzt werden Deutschkenntnisse auf dem Niveau Deutsch B2.</p>,bildungsanbieter,not sent,https://www.lernstudio-barbarossa.de/weiterbildung/?utm_source=Kursnet&utm_campaign=Kursnet&utm_medium=Link_Kurs&utm_term=ZU-K-4042-1
Vorbereitung auf den qualifizierenden Mittelschulabschluss (P3),CK-Akademie,info@ck-akademie.de,keine Angabe,bildungsanbieter,not sent,https://www.ck-akademie.de/quali
"Kaufmann, Kauffrau für Marketingkommunikation - Vorbereitung auf die IHK-Prüfung",COMCAVE.COLLEGE GmbH,anfrage@comcave.com,"<ul><li> Die Zulassung zur IHK-Abschlussprüfung muss vorliegen.</li><li> Deutsch in Wort und Schrift.</li><li> Persönliches Eignungsgespräch im Rahmen der Fachberatung.</li></ul><p>Ausnahmen sind in Absprache mit COMCAVE und dem jeweiligen Kostenträger, zum Beispiel der Agentur für Arbeit oder dem Jobcenter, möglich. Des Weiteren gelten die Zugangsvoraussetzungen des Kostenträgers.</p>",bildungsanbieter,not sent,https://www.comcave.de/weiterbildung/bewerbungstraining-vorbereitung/vorbereitungskurse/vorbereitung-ihk-pruefung-kaufmann-kauffrau-marketingkommunikation/?utm_campaign=weiterbildung&utm_source=kursnet
"Kauffrau, Kaufmann für IT System Management - Vorbereitung auf die IHK Prüfung",COMCAVE.COLLEGE GmbH,anfrage@comcave.com,"<ul><li> Die Zulassung zur IHK-Abschlussprüfung muss vorliegen.</li><li> Deutsch in Wort und Schrift.</li><li> Persönliches Eignungsgespräch im Rahmen der Fachberatung.</li></ul><p>Ausnahmen sind in Absprache mit COMCAVE und dem jeweiligen Kostenträger, zum Beispiel der Agentur für Arbeit oder dem Jobcenter, möglich. Des Weiteren gelten die Zugangsvoraussetzungen des Kostenträgers.</p>",bildungsanbieter,not sent,https://www.comcave.de/weiterbildung/bewerbungstraining-vorbereitung/vorbereitungskurse/vorbereitung-ihk-pruefung-kauffrau-kaufmann-it-system-management/?utm_campaign=weiterbildung&utm_source=kursnet
"Vorbereitung auf eine Umschulung (kaufmännisch, Lagerlogistik, Schutz und Sicherheit) mit Schwerpunkt Sprachfestigung auf Englisch A2/ B1-Niveau",IBB Institut für Berufliche Bildung GmbH,kundencenter-kursnet@ibb.com,<p>Vorausgesetzt werden Deutschkenntnisse auf dem Sprachniveau B1.1.</p><p>Allen Interessierten stehen wir in einem persönlichen Gespräch zur Abklärung ihrer individuellen Teilnahmevoraussetzungen zur Verfügung.</p>,bildungsanbieter,not sent,https://www.ibb.com/kurs-fuer-arbeitssuchende/ZU-S-4045-1?utm_source=Kursnet&utm_medium=Link_Kurs&utm_campaign=Kursnet&utm_term=ZU-S-4045-1
"Pflegehelfer:in und Betreuungskraft nach §§ 43b, 53b SGB XI",WBS TRAINING SE,info@wbstraining.de,"<p>Für die Teilnahme benötigst du ein eintragsfreies, polizeiliches Führungszeugnis. Wir empfehlen außerdem Deutschkenntnisse auf Niveau B1 (idealerweise B2) in Wort und Schrift, damit du dem Unterricht folgen, Dokumentation verstehen und sicher mit Patient:innen und im Team kommunizieren kannst.​<br/>Für das Praktikum sind Impf- bzw. Immunitätsnachweise gemäß Infektionsschutzgesetz erforderlich (z. B. Masern, Mumps, Röteln, Pertussis, Poliomyelitis, Diphtherie, Hepatitis A und B). Die konkret notwendigen Nachweise stimmst du direkt mit deiner Praktikumseinrichtung ab.​<br/>Hinweis: In einigen Bundesländern, z. B. Brandenburg, wird der Abschluss als Pflegehelfer:in nicht in allen Einrichtungen anerkannt. Kläre daher vor Beginn der Weiterbildung mit deinem gewünschten Arbeitgeber, ob der Abschluss für die angestrebte Tätigkeit akzeptiert wird.</p>",bildungsanbieter,not sent,https://www.wbstraining.de/kn/pflegehelfer-betreuungskraft-43b-53b-sgb-xi/
"Seniorenbetreuer:in - Aufbaukurs für Betreuungskraft nach §§ 43b, 53b SGB XI",IBB Institut für Berufliche Bildung GmbH,kundencenter-kursnet@ibb.com,"<p>Dieses Modul setzt eine abgeschlossene Weiterbildung als Betreuungskraft gemäß§§ 43b, 53b SGB XI voraus.</p><p>Allen Interessierten stehen wir in einem persönlichen Gespräch zur Abklärung ihrer individuellen Teilnahmevoraussetzungen zur Verfügung.</p>",bildungsanbieter,not sent,https://www.ibb.com/kurs-fuer-arbeitssuchende/P-3904-2?utm_source=Kursnet&utm_medium=Link_Kurs&utm_campaign=Kursnet&utm_term=P-3904-2
"Seniorenbetreuer:in - Aufbaukurs für Betreuungskraft nach §§ 43b, 53b SGB XI",IBB Institut für Berufliche Bildung GmbH,kundencenter-kursnet@ibb.com,"<p>Dieses Modul setzt eine abgeschlossene Weiterbildung als Betreuungskraft gemäß§§ 43b, 53b SGB XI voraus.</p><p>Allen Interessierten stehen wir in einem persönlichen Gespräch zur Abklärung ihrer individuellen Teilnahmevoraussetzungen zur Verfügung.</p>",bildungsanbieter,not sent,https://www.ibb.com/kurs-fuer-arbeitssuchende/P-3904-2?utm_source=Kursnet&utm_medium=Link_Kurs&utm_campaign=Kursnet&utm_term=P-3904-2
"Automobilkauffrau, Automobilkaufmann - Vorbereitung auf die IHK-Prüfung",COMCAVE.COLLEGE GmbH,anfrage@comcave.com,"<ul><li> Die Zulassung zur IHK-Abschlussprüfung muss vorliegen.</li><li> Deutsch in Wort und Schrift.</li><li> Persönliches Eignungsgespräch im Rahmen der Fachberatung.</li></ul><p>Ausnahmen sind in Absprache mit COMCAVE und dem jeweiligen Kostenträger, zum Beispiel der Agentur für Arbeit oder dem Jobcenter, möglich. Des Weiteren gelten die Zugangsvoraussetzungen des Kostenträgers.</p>",bildungsanbieter,not sent,https://www.comcave.de/weiterbildung/bewerbungstraining-vorbereitung/vorbereitungskurse/vorbereitung-ihk-pruefung-automobilkaufmann-automobilkauffrau/?utm_campaign=weiterbildung&utm_source=kursnet
"Seniorenbetreuer:in - Aufbaukurs für Betreuungskraft nach §§ 43b, 53b SGB XI",Lernstudio Barbarossa/MegaKids Fortbildungs GmbH,viona@lernstudio-barbarossa.de,"<p>Dieses Modul setzt eine abgeschlossene Weiterbildung als Betreuungskraft gemäß§§ 43b, 53b SGB XI voraus.</p>",bildungsanbieter,not sent,https://www.lernstudio-barbarossa.de/weiterbildung/?utm_source=Kursnet&utm_campaign=Kursnet&utm_medium=Link_Kurs&utm_term=P-3904-2
Vorbereitung auf eine IT-Umschulung - mit einem wesentlichen FIAE-Hauptfach,TERTIA Berufsförderung GmbH & Co. KG,info@tertia.de,<p>Vorausgesetzt werden Deutschkenntnisse auf dem Niveau Deutsch B2 und Englisch B1.</p>,bildungsanbieter,not sent,https://www.viona.online/kursdetail/zu-e-4006?utm_source=Kursnet&utm_campaign=Kursnet&utm_medium=Link_Kurs&utm_term=ZU-E-4006-1_TERTIA
Pflegefachmann/ -frau,Anna-Siemsen-Schule BBS7,bbs7@anna-siemsen-schule.de,"<p>- Mittlerer Schulabschluss <br/>- Hauptschulabschluss plus eine erfolgreich abgeschlossene <br/>- Mindestens zweijährige Berufsausbildung <br/>- Mindestens einjährige Assistenz- oder Helferausbildung in der Pflege, die bestimmten Bedingungen genügen muss <br/>- Erfolgreich abgeschlossene zehnjährige allgemeine Schulbildung</p>",bildungsanbieter,not sent,https://www.anna-siemsen-schule.de/bildungsangebote/pflegefachkraft
Digitaler Führerschein 4.0 - digitale Grundkompetenzen,faw Plauen,plauen@faw.de,"<p>- wenig Erfahrung mit Computer, Internet oder neuen Medien<br/>- niederschwelliger Einstieg in digitale Themen<br/>- mind. Sprachniveau B1<br/>- keine Berufserfahrung notwendig</p>",bildungsanbieter,not sent,https://www.faw.de/kurs/eca-2092751
Tourismuskaufmann - Vorbereitung auf die IHK-Prüfung,COMCAVE.COLLEGE GmbH,anfrage@comcave.com,"<ul><li> Die Zulassung zur IHK-Abschlussprüfung muss vorliegen.</li><li> Deutsch in Wort und Schrift.</li><li> Persönliches Eignungsgespräch im Rahmen der Fachberatung.</li></ul><p>Ausnahmen sind in Absprache mit COMCAVE und dem jeweiligen Kostenträger, zum Beispiel der Agentur für Arbeit oder dem Jobcenter, möglich. Des Weiteren gelten die Zugangsvoraussetzungen des Kostenträgers.</p>",bildungsanbieter,not sent,https://www.comcave.de/weiterbildung/bewerbungstraining-vorbereitung/vorbereitungskurse/vorbereitung-ihk-pruefung-tourismuskauffrau-tourimuskaufmann/?utm_campaign=weiterbildung&utm_source=kursnet
"Kauffrau, Kaufmann für IT System Management - Vorbereitung auf die IHK Prüfung",COMCAVE.COLLEGE GmbH,anfrage@comcave.com,"<ul><li> Die Zulassung zur IHK-Abschlussprüfung muss vorliegen.</li><li> Deutsch in Wort und Schrift.</li><li> Persönliches Eignungsgespräch im Rahmen der Fachberatung.</li></ul><p>Ausnahmen sind in Absprache mit COMCAVE und dem jeweiligen Kostenträger, zum Beispiel der Agentur für Arbeit oder dem Jobcenter, möglich. Des Weiteren gelten die Zugangsvoraussetzungen des Kostenträgers.</p>",bildungsanbieter,not sent,https://www.comcave.de/weiterbildung/bewerbungstraining-vorbereitung/vorbereitungskurse/vorbereitung-ihk-pruefung-kauffrau-kaufmann-it-system-management/?utm_campaign=weiterbildung&utm_source=kursnet
"Mediengestalter Digital und Print - Vorbereitung auf die IHK-Prüfung, Fachrichtung Digitalmedien",COMCAVE.COLLEGE GmbH,anfrage@comcave.com,"<ul><li> Die Zulassung zur IHK-Abschlussprüfung muss vorliegen.</li><li> Deutsch in Wort und Schrift.</li><li> Persönliches Eignungsgespräch im Rahmen der Fachberatung.</li></ul><p>Ausnahmen sind in Absprache mit COMCAVE und dem jeweiligen Kostenträger, zum Beispiel der Agentur für Arbeit oder dem Jobcenter, möglich. Des Weiteren gelten die Zugangsvoraussetzungen des Kostenträgers.</p>",bildungsanbieter,not sent,https://www.comcave.de/weiterbildung/bewerbungstraining-vorbereitung/vorbereitungskurse/vorbereitung-ihk-pruefung-mediengestalter-digitalmedien/?utm_campaign=weiterbildung&utm_source=kursnet
Vorbereitung auf eine Mediengestalter-Umschulung - Schwerpunkt: Tools in der Mediengestaltung - Kompakt,IBB Institut für Berufliche Bildung GmbH,kundencenter-kursnet@ibb.com,"<p>Besondere Teilnahmevoraussetzungen sind nicht nötig, da die konkreten Inhalte und Schwerpunkte individuell auf jeden Teilnehmer, seinen Bedarf und seine Vorkenntnisse abgestimmt werden.</p><p>Allen Interessierten stehen wir in einem persönlichen Gespräch zur Abklärung ihrer individuellen Teilnahmevoraussetzungen zur Verfügung.</p>",bildungsanbieter,not sent,https://www.ibb.com/kurs-fuer-arbeitssuchende/ZU-X-4411-1?utm_source=Kursnet&utm_medium=Link_Kurs&utm_campaign=Kursnet&utm_term=ZU-X-4411-1
"Kauffrau, Kaufmann E-Commerce - Vorbereitung auf die IHK-Prüfung",COMCAVE.COLLEGE GmbH,anfrage@comcave.com,"<ul><li> Die Zulassung zur IHK-Abschlussprüfung muss vorliegen.</li><li> Deutsch in Wort und Schrift.</li><li> Persönliches Eignungsgespräch im Rahmen der Fachberatung.</li></ul><p>Ausnahmen sind in Absprache mit COMCAVE und dem jeweiligen Kostenträger, zum Beispiel der Agentur für Arbeit oder dem Jobcenter, möglich. Des Weiteren gelten die Zugangsvoraussetzungen des Kostenträgers.</p>",bildungsanbieter,not sent,https://www.comcave.de/weiterbildung/bewerbungstraining-vorbereitung/vorbereitungskurse/vorbereitung-ihk-pruefung-kaufmann-kauffrau-ecommerce/?utm_campaign=weiterbildung&utm_source=kursnet
Nachprüfungsvorbereitung der Umschulung Masseurin und medizinischer Bademeister (w/m/d),WBS TRAINING SE,info@wbstraining.de,<p>Die Zulassungsvoraussetzungen für die Abschlussprüfung müssen erfüllt sein (z. B. durch Absolvieren des Praktikums und Lerninhalte der AO).</p>,bildungsanbieter,not sent,https://www.wbstraining.de/kn/nachpruefung-umschulung-masseur-bademeister/
Personaldienstleistungskaufmann - Vorbereitung auf die IHK-Prüfung,COMCAVE.COLLEGE GmbH,anfrage@comcave.com,"<ul><li> Die Zulassung zur IHK-Abschlussprüfung muss vorliegen.</li><li> Deutsch in Wort und Schrift.</li><li> Persönliches Eignungsgespräch im Rahmen der Fachberatung.</li></ul><p>Ausnahmen sind in Absprache mit COMCAVE und dem jeweiligen Kostenträger, zum Beispiel der Agentur für Arbeit oder dem Jobcenter, möglich. Des Weiteren gelten die Zugangsvoraussetzungen des Kostenträgers.</p>",bildungsanbieter,not sent,https://www.comcave.de/weiterbildung/bewerbungstraining-vorbereitung/vorbereitungskurse/vorbereitung-ihk-pruefung-personaldienstleistungskaufmann-personaldienstleistungskauffrau/?utm_campaign=weiterbildung&utm_source=kursnet
"Kauffrau, Kaufmann für Spedition- und Logistikdienstleistung - Vorbereitung auf die IHK-Prüfung",COMCAVE.COLLEGE GmbH,anfrage@comcave.com,"<ul><li> Die Zulassung zur IHK-Abschlussprüfung muss vorliegen.</li><li> Deutsch in Wort und Schrift.</li><li> Persönliches Eignungsgespräch im Rahmen der Fachberatung.</li></ul><p>Ausnahmen sind in Absprache mit COMCAVE und dem jeweiligen Kostenträger, zum Beispiel der Agentur für Arbeit oder dem Jobcenter, möglich. Des Weiteren gelten die Zugangsvoraussetzungen des Kostenträgers.</p>",bildungsanbieter,not sent,https://www.comcave.de/weiterbildung/bewerbungstraining-vorbereitung/vorbereitungskurse/vorbereitung-ihk-pruefung-kauffrau-kaufmann-spedition-logistikdienstleistung/?utm_campaign=weiterbildung&utm_source=kursnet
Vorbereitung auf kaufmännische Umschulungen,CBW College Berufliche Weiterbildung GmbH,info@cbw-hamburg.de,keine Angabe,bildungsanbieter,not sent,https://www.cbw-weiterbildung.de/gefoerderte-weiterbildung/vorbereitungskurse-umschulungen-weiterbildungen/vorbereitung-auf-kaufmaennische-umschulungen-2-2/alle-standorte.html
Vorbereitung auf eine IT-Umschulung - mit einem wesentlichen FIAE-Hauptfach,Lernstudio Barbarossa/MegaKids Fortbildungs GmbH,viona@lernstudio-barbarossa.de,<p>Vorausgesetzt werden Deutschkenntnisse auf dem Niveau Deutsch B2 und Englisch B1.</p>,bildungsanbieter,not sent,https://www.lernstudio-barbarossa.de/weiterbildung/?utm_source=Kursnet&utm_campaign=Kursnet&utm_medium=Link_Kurs&utm_term=ZU-E-4006-1
Vorbereitungskurs auf eine medieninformationstechnische Umschulung,COMCAVE.COLLEGE GmbH,anfrage@comcave.com,"<ul><li> Mindestens Hauptschulabschluss oder vergleichbaren Schulabschluss.</li><li> Interesse für den IT oder medieninformationstechnischen Bereich.</li><li> Deutsch in Wort und Schrift.</li><li> Grundlegende PC-Kenntnisse.</li><li> Ein internes Auswahlverfahren im Rahmen eines Fachgespräches ist mit ""gut geeignet"" zu bestehen.</li></ul><p>Des Weiteren gelten die Zugangsvoraussetzungen des Kostenträgers, Ausnahmen sind in Absprache mit dem COMCAVE.COLLEGE® und dem Kostenträger möglich.<br/>Die beruflichen und schulischen Zugangsvoraussetzungen werden anhand von Lebenslauf, Zeugnissen und Zertifikaten, bzw. einer Eignungsfeststellung im Rahmen eines ausführlichen persönlichen Fachgespräches geprüft.</p>",bildungsanbieter,not sent,https://www.comcave.de/weiterbildung/bewerbungstraining-vorbereitung/vorbereitung-umschulung-weiterbildung-it-bereich/?utm_campaign=weiterbildung&utm_source=kursnet
Vorbereitung auf eine Mediengestalter-Umschulung - Schwerpunkt: Tools in der Mediengestaltung - Intensiv,Berufliche Fortbildungszentren der Bayerischen Wirtschaft (bfz) gGmbH,beratung@bfz.de,"<p>Besondere Teilnahmevoraussetzungen sind nicht nötig, da die konkreten Inhalte und Schwerpunkte individuell auf jeden Teilnehmer, seinen Bedarf und seine Vorkenntnisse abgestimmt werden.</p>",bildungsanbieter,not sent,https://www.bfz.de/r/ibb?utm_source=Kursnet&utm_campaign=Kursnet&utm_medium=Link_Kurs&utm_term=ZU-X-4410-1
"Vorbereitung auf eine Umschulung (kaufmännisch, Lagerlogistik, Schutz und Sicherheit) mit Schwerpunkt EDV",Lernstudio Barbarossa/MegaKids Fortbildungs GmbH,viona@lernstudio-barbarossa.de,<p>Vorausgesetzt werden Deutschkenntnisse auf dem Niveau Deutsch B2.</p>,bildungsanbieter,not sent,https://www.lernstudio-barbarossa.de/weiterbildung/?utm_source=Kursnet&utm_campaign=Kursnet&utm_medium=Link_Kurs&utm_term=ZU-K-4043-1
Fachinformatiker Daten- und Prozessanalyse - Vorbereitung auf die IHK-Prüfung,COMCAVE.COLLEGE GmbH,anfrage@comcave.com,"<ul><li> Die Zulassung zur IHK-Abschlussprüfung muss vorliegen.</li><li> Deutsch in Wort und Schrift.</li><li> Persönliches Eignungsgespräch im Rahmen der Fachberatung.</li></ul><p>Ausnahmen sind in Absprache mit COMCAVE und dem jeweiligen Kostenträger, zum Beispiel der Agentur für Arbeit oder dem Jobcenter, möglich. Des Weiteren gelten die Zugangsvoraussetzungen des Kostenträgers.</p>",bildungsanbieter,not sent,https://www.comcave.de/weiterbildung/bewerbungstraining-vorbereitung/vorbereitungskurse/vorbereitung-ihk-pruefung-fachinformatiker-daten-prozessanalyse/?utm_campaign=weiterbildung&utm_source=kursnet
Erwerb von Grundkompetenzen - IT-Kompetenz (PC - Computer Grundlagen und Microsoft Word - Textverarbeitung),Institut für Bildung & Beruf,weiterbildung.hachenburg@ibb-hb.de,"<p>Bestimmte berufliche Vorkenntnisse oder Erfahrungen sind für eine Teilnahme nicht erforderlich. Um unser Angebot individuell auf Ihre Bedürfnisse zuschneiden zu können, führen wir mit Ihnen vorab ein persönliches Beratungsgespräch. Ausnahmeregelungen erfolgen in Abstimmung mit dem Jobcenter bzw. der Arbeitsagentur oder der optierenden Kommune.</p>",bildungsanbieter,not sent,https://www.ibbhachenburg.de/weiterbildung.html?utm_source=Kursnet&utm_campaign=Kursnet&utm_medium=Link_Kurs&utm_term=S-2368-K-6#/kurs-fuer-arbeitssuchende/S-2368-K-6
"Alltagsbegleiter - Betreuungskraft nach §§ 43b, 53b SGB XI",COMCAVE.COLLEGE GmbH,anfrage@comcave.com,"<ul><li> Abgeschlossene Ausbildung im relevanten Bereich oder ein Studium bzw. ein abgebrochenes Hochschulstudium oder ausreichende Berufserfahrung</li><li> Deutsch in Wort und Schrift</li><li> Grundlegende EDV-Kenntnisse</li><li> Grundkenntnisse in Englisch wünschenswert, aber nicht zwingend erforderlich</li><li> Ein internes Auswahlverfahren im Rahmen eines Fachgespräches ist mit ""gut geeignet"" zu bestehen</li></ul><p>Des Weiteren gelten die Zugangsvoraussetzungen des Kostenträgers, Ausnahmen sind in Absprache mit dem COMCAVE.COLLEGE® und dem Kostenträger möglich.<br/>Die beruflichen und schulischen Zugangsvoraussetzungen werden anhand von Lebenslauf, Zeugnissen und Zertifikaten, bzw. einer Eignungsfeststellung im Rahmen eines ausführlichen persönlichen Fachgespräches geprüft.</p>",bildungsanbieter,not sent,https://www.comcave.de/weiterbildung/alltagsbetreuer-betreuungskraft-nach-paragraf-43b-53b-sgb-xi/?utm_campaign=weiterbildung&utm_source=kursnet
Berufsvorbereitende Bildungsmaßnahme - BvB,BNW gGmbH - Bildungswerk der Niedersächsischen Wirtschaft gemeinnützige GmbH,servicemanagement@bnw.de,<p>Nähere Informationen über Teilnahme und Voraussetzung erteilt die Berufsberatung der Agentur für Arbeit</p>,bildungsanbieter,not sent,https://www.bnw.de/kurse/ausschreibungen/berufsvorbereitende-bildungsmassnahme-bvb/
Zerspanungsmechaniker/ -in Fachrichtung Drehtechnik,BBW Frechen (CJD),anmeldung.frechen@cjd.de,<p>In der Regel über die Reha-Berufsberatung der Agentur für Arbeit am Wohnort</p>,bildungsanbieter,not sent,http://www.cjd-bbw-frechen.de
Alltagsbetreuer/in 4.0 mit digitalen und interkulturellen Kompetenzen,cpi consulting + training GmbH,anfrage@cpi.de,"<ul><li> Deutsch in Wort und Schrift.</li><li> Persönliches Eignungsgespräch im Rahmen der Fachberatung.</li></ul><p>Ausnahmen sind in Absprache mit CPI und dem jeweiligen Kostenträger, zum Beispiel der Agentur für Arbeit oder dem Jobcenter, möglich. Des Weiteren gelten die Zugangsvoraussetzungen des Kostenträgers.</p>",bildungsanbieter,not sent,https://www.cpi.de/kursnet/alltagsbetreuer-digitale-interkulturelle-kompetenzen/?utm_campaign=weiterbildung&utm_source=kursnet
Nachprüfungsvorbereitung Teil II der Umschulung IT-System-Elektroniker (w/m/d),WBS TRAINING SE,info@wbstraining.de,<p>Die Zulassungsvoraussetzungen für die Abschlussprüfung müssen erfüllt sein (z. B. durch Absolvieren des Praktikums und Lerninhalte der AO).</p>,bildungsanbieter,not sent,https://www.wbstraining.de/kn/nachpruefung-ii-umschulung-it-system-elektroniker/
Erwerb von Grundkompetenzen - Grundwissen Mathematik (Anwendung von Zahlen & Zins- und Prozentrechnung),IBB Institut für Berufliche Bildung GmbH,kundencenter-kursnet@ibb.com,<p>An der Maßnahme können Teilnehmer mit unterschiedlichen Zugangsvoraussetzungen teilnehmen. Bestimmte berufliche Vorkenntnisse oder Erfahrungen sind für die Teilnahme an der Maßnahme nicht erforderlich.<br/>Ausnahmeregelungen erfolgen in Abstimmung mit dem JC/der Arbeitsagentur oder der optierenden Kommune. Grundlegende Deutschsprachkenntnisse (Niveau A2 GER) werden vorausgesetzt.</p><br/><br/><p>Allen Interessierten stehen wir in einem persönlichen Gespräch zur Abklärung ihrer individuellen Teilnahmevoraussetzungen zur Verfügung.</p>,bildungsanbieter,not sent,https://www.ibb.com/kurs-fuer-arbeitssuchende/S-2368-D-6?utm_source=Kursnet&utm_medium=Link_Kurs&utm_campaign=Kursnet&utm_term=S-2368-D-6
Erwerb von Grundkompetenzen - IT-Kompetenz (PC - Computer Grundlagen; Browser und Microsoft Outlook),IBB Institut für Berufliche Bildung GmbH,kundencenter-kursnet@ibb.com,"<p>Bestimmte berufliche Vorkenntnisse oder Erfahrungen sind für eine Teilnahme nicht erforderlich. Um unser Angebot individuell auf Ihre Bedürfnisse zuschneiden zu können, führen wir mit Ihnen vorab ein persönliches Beratungsgespräch. Ausnahmeregelungen erfolgen in Abstimmung mit dem Jobcenter bzw. der Arbeitsagentur oder der optierenden Kommune.</p><p>Allen Interessierten stehen wir in einem persönlichen Gespräch zur Abklärung ihrer individuellen Teilnahmevoraussetzungen zur Verfügung.</p>",bildungsanbieter,not sent,https://www.ibb.com/kurs-fuer-arbeitssuchende/S-2368-H-6?utm_source=Kursnet&utm_medium=Link_Kurs&utm_campaign=Kursnet&utm_term=S-2368-H-6
"Kaufmann, Kauffrau für Marketingkommunikation - Vorbereitung auf die IHK-Prüfung",COMCAVE.COLLEGE GmbH,anfrage@comcave.com,"<ul><li> Die Zulassung zur IHK-Abschlussprüfung muss vorliegen.</li><li> Deutsch in Wort und Schrift.</li><li> Persönliches Eignungsgespräch im Rahmen der Fachberatung.</li></ul><p>Ausnahmen sind in Absprache mit COMCAVE und dem jeweiligen Kostenträger, zum Beispiel der Agentur für Arbeit oder dem Jobcenter, möglich. Des Weiteren gelten die Zugangsvoraussetzungen des Kostenträgers.</p>",bildungsanbieter,not sent,https://www.comcave.de/weiterbildung/bewerbungstraining-vorbereitung/vorbereitungskurse/vorbereitung-ihk-pruefung-kaufmann-kauffrau-marketingkommunikation/?utm_campaign=weiterbildung&utm_source=kursnet
Fachschule für Wirtschaft,Berufl. Schulen LK WA-FKB Korbach u. Bad Arolsen,office@bs-korbach.de,"<p>- abgeschlossene Berufsausbildung in einem einschlägigen <br/> Ausbildungsberuf oder<br/>- Nachweis einer mindestens fünfjährigen einschlägigen <br/> beruflichen Tätigkeit und<br/>- Abschlusszeugnis der Berufsschule sowie<br/> mindestens einjährige Berufserfahrung, die auch während des <br/> Fachschulbesuchs erworben werden kann</p>",bildungsanbieter,not sent,
Vorbereitung auf eine IT Umschulung,Akademie Überlingen,kursnet-management@a-ue.de,<ul><li>gute Sprachkenntnisse in Deutsch in Wort und Schrift </li><li>grundlegende EDV-Kenntnisse</li></ul>,bildungsanbieter,not sent,https://www.akademie-ueberlingen.de/kurs-basisdaten/fit-fuer-die-it-umschulung/?mtm_campaign=meinNOW&mtm_kwd=Digital-Akademie
Fachinformatiker Anwendungsentwicklung - Vorbereitung auf die IHK-Prüfung,COMCAVE.COLLEGE GmbH,anfrage@comcave.com,"<ul><li> Die Zulassung zur IHK-Abschlussprüfung muss vorliegen.</li><li> Deutsch in Wort und Schrift.</li><li> Persönliches Eignungsgespräch im Rahmen der Fachberatung.</li></ul><p>Ausnahmen sind in Absprache mit COMCAVE und dem jeweiligen Kostenträger, zum Beispiel der Agentur für Arbeit oder dem Jobcenter, möglich. Des Weiteren gelten die Zugangsvoraussetzungen des Kostenträgers.</p>",bildungsanbieter,not sent,https://www.comcave.de/weiterbildung/bewerbungstraining-vorbereitung/vorbereitungskurse/vorbereitung-ihk-pruefung-fachinformatiker-anwendungsentwicklung/?utm_campaign=weiterbildung&utm_source=kursnet
"Vorbereitung auf eine IT-Umschulung - mit Schwerpunkt auf den drei IT-Grundlagenfächern, für Quereinsteiger mit vorbereitendem Grundlagenmodul",Reha & Beruf gGmbH,onlineakademie@rehaundberuf.de,<p>Vorausgesetzt werden Deutschkenntnisse auf dem Niveau Deutsch B2 und Englisch B1.</p>,bildungsanbieter,not sent,https://rehaundberuf.de/onlineakademie/fort-weiterbildung/?utm_source=Kursnet&utm_campaign=Kursnet&utm_medium=Link_Kurs&utm_term=ZU-E-4003-2#/kurs-fuer-arbeitssuchende/ZU-E-4003-2
"Kauffrau, Kaufmann für Groß- und Außenhandelsmanagement (Großhandel) - Vorbereitung auf die IHK-Prüfung",COMCAVE.COLLEGE GmbH,anfrage@comcave.com,"<ul><li> Die Zulassung zur IHK-Abschlussprüfung muss vorliegen.</li><li> Deutsch in Wort und Schrift.</li><li> Persönliches Eignungsgespräch im Rahmen der Fachberatung.</li></ul><p>Ausnahmen sind in Absprache mit COMCAVE und dem jeweiligen Kostenträger, zum Beispiel der Agentur für Arbeit oder dem Jobcenter, möglich. Des Weiteren gelten die Zugangsvoraussetzungen des Kostenträgers.</p>",bildungsanbieter,not sent,https://www.comcave.de/weiterbildung/bewerbungstraining-vorbereitung/vorbereitungskurse/vorbereitung-ihk-pruefung-kauffrau-kaufmann-gross-aussenhandelsmanagement-grosshandel/?utm_campaign=weiterbildung&utm_source=kursnet
Nachprüfungsvorbereitung Teil II der Umschulung Fachinformatiker Anwendungsentwicklung (w/m/d),WBS TRAINING SE,info@wbstraining.de,<p>Die Zulassungsvoraussetzungen für die Abschlussprüfung müssen erfüllt sein (z. B. durch Absolvieren des Praktikums und Lerninhalte der AO).</p>,bildungsanbieter,not sent,https://www.wbstraining.de/kn/nachpruefung-ii-umschulung-fachinformatiker/
Grundkompetenzen: Deutsch 1,TERTIA Berufsförderung GmbH & Co. KG,schnittstelle@tertia.de,keine Angabe,bildungsanbieter,not sent,https://www.tertia.de/tobi_grundkompetenzen/
"Betreuungskraft nach §§ 43b, 53b SGB XI mit Zusatzqualifikation Demenz verstehen",IBB Institut für Berufliche Bildung GmbH,kundencenter-kursnet@ibb.com,"<p>Teilnehmende sollten soziale Kompetenz, Empathie-Fähigkeit, hohe Belastbarkeit sowie Wahrnehmungsfähigkeit und Beobachtungsgabe aufweisen. Sie müssen sich in einem mindestens fünftägigen Praktikum VOR Beginn des Kurses erproben. Hierbei finden Sie heraus, ob Ihnen die Arbeit mit demenzerkrankten, körperlich beeinträchtigten oder geistig behinderten Menschen Freude bereitet. Computer-Kenntnisse sind unbedingt sicherzustellen. Die Deutschkenntnisse sollten sich auf muttersprachlichem Niveau bewegen (mind. Niveau B2 - ggf. Einstufungstest).</p><p>Allen Interessierten stehen wir in einem persönlichen Gespräch zur Abklärung ihrer individuellen Teilnahmevoraussetzungen zur Verfügung.</p>",bildungsanbieter,not sent,https://www.ibb.com/kurs-fuer-arbeitssuchende/Z-P-7120?utm_source=Kursnet&utm_medium=Link_Kurs&utm_campaign=Kursnet&utm_term=Z-P-7120
"Mediengestalter Digital und Print - Vorbereitung auf die IHK-Prüfung, Fachrichtung Digitalmedien",COMCAVE.COLLEGE GmbH,anfrage@comcave.com,"<ul><li> Die Zulassung zur IHK-Abschlussprüfung muss vorliegen.</li><li> Deutsch in Wort und Schrift.</li><li> Persönliches Eignungsgespräch im Rahmen der Fachberatung.</li></ul><p>Ausnahmen sind in Absprache mit COMCAVE und dem jeweiligen Kostenträger, zum Beispiel der Agentur für Arbeit oder dem Jobcenter, möglich. Des Weiteren gelten die Zugangsvoraussetzungen des Kostenträgers.</p>",bildungsanbieter,not sent,https://www.comcave.de/weiterbildung/bewerbungstraining-vorbereitung/vorbereitungskurse/vorbereitung-ihk-pruefung-mediengestalter-digitalmedien/?utm_campaign=weiterbildung&utm_source=kursnet
Grundkompetenzen: Mathematik 1,TERTIA Berufsförderung GmbH & Co. KG,schnittstelle@tertia.de,keine Angabe,bildungsanbieter,not sent,https://www.tertia.de/tobi_grundkompetenzen/
"Vorbereitung auf eine Umschulung (kaufmännisch, Lagerlogistik, Schutz und Sicherheit) mit Einführung in die Buchführung",TERTIA Berufsförderung GmbH & Co. KG,info@tertia.de,<p>Vorausgesetzt werden Deutschkenntnisse auf dem Niveau Deutsch B2.</p>,bildungsanbieter,not sent,https://www.viona.online/kursdetail/zu-k-4047?utm_source=Kursnet&utm_campaign=Kursnet&utm_medium=Link_Kurs&utm_term=ZU-K-4047-1_TERTIA
"Vorbereitung auf eine Umschulung (kaufmännisch, Lagerlogistik, Schutz und Sicherheit) mit Schwerpunkt Sprachfestigung auf Englisch A2/ B1-Niveau",IBB Institut für Berufliche Bildung GmbH,kundencenter-kursnet@ibb.com,<p>Vorausgesetzt werden Deutschkenntnisse auf dem Sprachniveau B1.1.</p><p>Allen Interessierten stehen wir in einem persönlichen Gespräch zur Abklärung ihrer individuellen Teilnahmevoraussetzungen zur Verfügung.</p>,bildungsanbieter,not sent,https://www.ibb.com/kurs-fuer-arbeitssuchende/ZU-S-4045-1?utm_source=Kursnet&utm_medium=Link_Kurs&utm_campaign=Kursnet&utm_term=ZU-S-4045-1
"Vorbereitung auf eine Umschulung (kaufmännisch, Lagerlogistik, Schutz und Sicherheit) mit Sprachfestigung auf Englisch A2/ B1-Niveau und Einführung in die Buchführung",IBB Institut für Berufliche Bildung GmbH,kundencenter-kursnet@ibb.com,<p>Vorausgesetzt werden Deutschkenntnisse auf dem Sprachniveau B1.1. sowie gute Kenntnisse im Umgang mit dem PC und MS Office.</p><p>Allen Interessierten stehen wir in einem persönlichen Gespräch zur Abklärung ihrer individuellen Teilnahmevoraussetzungen zur Verfügung.</p>,bildungsanbieter,not sent,https://www.ibb.com/kurs-fuer-arbeitssuchende/ZU-K-4041-1?utm_source=Kursnet&utm_medium=Link_Kurs&utm_campaign=Kursnet&utm_term=ZU-K-4041-1
Umschulung Kaufmann/frau für Büromanagement,PLAN B gGmbH,info@gesundheit-planb.de,<p>Keine Voraussetzungen erforderlich</p>,bildungsanbieter,not sent,
"Mediengestalter Digital und Print - Vorbereitung auf die IHK-Prüfung, Fachrichtung Designkonzeption",COMCAVE.COLLEGE GmbH,anfrage@comcave.com,"<ul><li> Die Zulassung zur IHK-Abschlussprüfung muss vorliegen.</li><li> Deutsch in Wort und Schrift.</li><li> Persönliches Eignungsgespräch im Rahmen der Fachberatung.</li></ul><p>Ausnahmen sind in Absprache mit COMCAVE und dem jeweiligen Kostenträger, zum Beispiel der Agentur für Arbeit oder dem Jobcenter, möglich. Des Weiteren gelten die Zugangsvoraussetzungen des Kostenträgers.</p>",bildungsanbieter,not sent,https://www.comcave.de/weiterbildung/bewerbungstraining-vorbereitung/vorbereitungskurse/vorbereitung-ihk-pruefung-mediengestalter-designkonzeption/?utm_campaign=weiterbildung&utm_source=kursnet
Grundlagen Metallbearbeitung - Praxisphase zur beruflichen Kenntnisvermittlung,TÜV Rheinland Akademie GmbH I,servicecenter@de.tuv.com,"<p>Damit Sie teilnehmen können, sollten Sie folgende Voraussetzungen erfüllen:<br/></p><ul><li>Mindestens 25 Jahre</li><li>Gesundheitliche Beeinträchtigung</li><li>Grundsätzliche Erwerbsfähigkeit- wenn auch vermindert</li></ul><p>Bevor Sie den Kurs beginnen, erhalten Sie eine individuelle Beratung.</p>",bildungsanbieter,not sent,https://kurse.tuv.com/weiterbildung/grundlagen-metallbearbeitung-praxisphase-zur-beruflichen-kenntnisvermittlung?wt_mc=DE25_A06_MYNOW_EL_Textlink_&cpid=DE25_A06_MYNOW_EL&utm_medium=Textlink&utm_source=Externallink&utm_id=DE25_A06_MYNOW_EL&utm_content=Textlink_&utm_campaign=mynow&utm_term=NonPaid
Vorbereitungskurs auf eine medieninformationstechnische Umschulung inkl. Eignungsfeststellung,COMCAVE.COLLEGE GmbH,anfrage@comcave.com,"<ul><li> Deutsch in Wort und Schrift.</li><li> Persönliches Eignungsgespräch im Rahmen der Fachberatung.</li></ul><p>Ausnahmen sind in Absprache mit COMCAVE und dem jeweiligen Kostenträger, zum Beispiel der Agentur für Arbeit oder dem Jobcenter, möglich. Des Weiteren gelten die Zugangsvoraussetzungen des Kostenträgers.</p>",bildungsanbieter,not sent,https://www.comcave.de/weiterbildung/bewerbungstraining-vorbereitung/vorbereitungskurse/vorbereitung-medieninformationstechnische-umschulung-eignungsfeststellung/?utm_campaign=weiterbildung&utm_source=kursnet
Erwerb von Grundkompetenzen - Excel lernen,bfw - Unternehmen für Bildung.,meinkurs@bfw.de,<p>Beratungsgespräch beim bfw</p>,bildungsanbieter,not sent,
"Kauffrau, Kaufmann für IT System Management - Vorbereitung auf die IHK Prüfung",COMCAVE.COLLEGE GmbH,anfrage@comcave.com,"<ul><li> Die Zulassung zur IHK-Abschlussprüfung muss vorliegen.</li><li> Deutsch in Wort und Schrift.</li><li> Persönliches Eignungsgespräch im Rahmen der Fachberatung.</li></ul><p>Ausnahmen sind in Absprache mit COMCAVE und dem jeweiligen Kostenträger, zum Beispiel der Agentur für Arbeit oder dem Jobcenter, möglich. Des Weiteren gelten die Zugangsvoraussetzungen des Kostenträgers.</p>",bildungsanbieter,not sent,https://www.comcave.de/weiterbildung/bewerbungstraining-vorbereitung/vorbereitungskurse/vorbereitung-ihk-pruefung-kauffrau-kaufmann-it-system-management/?utm_campaign=weiterbildung&utm_source=kursnet
"Kauffrau, Kaufmann für IT System Management - Vorbereitung auf die IHK Prüfung",COMCAVE.COLLEGE GmbH,anfrage@comcave.com,"<ul><li> Die Zulassung zur IHK-Abschlussprüfung muss vorliegen.</li><li> Deutsch in Wort und Schrift.</li><li> Persönliches Eignungsgespräch im Rahmen der Fachberatung.</li></ul><p>Ausnahmen sind in Absprache mit COMCAVE und dem jeweiligen Kostenträger, zum Beispiel der Agentur für Arbeit oder dem Jobcenter, möglich. Des Weiteren gelten die Zugangsvoraussetzungen des Kostenträgers.</p>",bildungsanbieter,not sent,https://www.comcave.de/weiterbildung/bewerbungstraining-vorbereitung/vorbereitungskurse/vorbereitung-ihk-pruefung-kauffrau-kaufmann-it-system-management/?utm_campaign=weiterbildung&utm_source=kursnet
"Vorbereitung auf eine Umschulung (kaufmännisch, Lagerlogistik, Schutz und Sicherheit) mit Schwerpunkt EDV",IBB Institut für Berufliche Bildung GmbH,kundencenter-kursnet@ibb.com,<p>Vorausgesetzt werden Deutschkenntnisse auf dem Niveau Deutsch B2.</p><p>Allen Interessierten stehen wir in einem persönlichen Gespräch zur Abklärung ihrer individuellen Teilnahmevoraussetzungen zur Verfügung.</p>,bildungsanbieter,not sent,https://www.ibb.com/kurs-fuer-arbeitssuchende/ZU-K-4043-1?utm_source=Kursnet&utm_medium=Link_Kurs&utm_campaign=Kursnet&utm_term=ZU-K-4043-1
Basistraining für angehende Kaufleute im Einzelhandel,cpi consulting + training GmbH,anfrage@cpi.de,"<ul><li> Deutsch in Wort und Schrift.</li><li> Persönliches Eignungsgespräch im Rahmen der Fachberatung.</li></ul><p>Ausnahmen sind in Absprache mit CPI und dem jeweiligen Kostenträger, zum Beispiel der Agentur für Arbeit oder dem Jobcenter, möglich. Des Weiteren gelten die Zugangsvoraussetzungen des Kostenträgers.</p>",bildungsanbieter,not sent,https://www.cpi.de/kursnet/basistraining-kaufleute-im-einzelhandel/?utm_campaign=weiterbildung&utm_source=kursnet
"Vorbereitung auf eine Umschulung (kaufmännisch, Lagerlogistik, Schutz und Sicherheit) mit Einführung in die Buchführung",Alsterbildungsring e. V.,info@alsterbildungsring.de,<p>Vorausgesetzt werden Deutschkenntnisse auf dem Niveau Deutsch B2.</p>,bildungsanbieter,not sent,https://alsterbildungsring.de/online-kurse/?utm_source=Kursnet&utm_campaign=Kursnet&utm_medium=Link_Kurs&utm_term=ZU-K-4047-1#/kurs-fuer-arbeitssuchende/ZU-K-4047-1
Grundkompetenzen für den Beruf,bfz Ingolstadt,info-in@bfz.de,<p>- ausreichendes Sprachniveau (mind. B1)<br/>- grundlegende Fähigkeiten in der Bedienung des PC</p>,bildungsanbieter,not sent,https://www.bfz.de/kurs/eca-92535
Maßnahme zum Erwerb von Grundkompetenzen mit Englisch,WBS TRAINING SE,info@wbstraining.de,"<p>An dieser Maßnahme zum Erwerb von Grundkompetenzen können Sie teilnehmen, wenn Sie einen anerkannten Berufsabschluss anstreben und sich auf die entsprechende Umschulung vorbereiten möchten, indem Sie grundlegende Kenntnisse absichern.</p>",bildungsanbieter,not sent,https://www.wbstraining.de/kn/erwerb-grundkompetenzen-varianten/
Erwerb von Grundkompetenzen - IT-Kompetenz (Microsoft Word - Textverarbeitung und Microsoft PowerPoint - Präsentationen),Berger Bildungsinstitut GmbH,anfrage@berger-bildung.de,"<p>Bestimmte berufliche Vorkenntnisse oder Erfahrungen sind für eine Teilnahme nicht erforderlich. Um unser Angebot individuell auf Ihre Bedürfnisse zuschneiden zu können, führen wir mit Ihnen vorab ein persönliches Beratungsgespräch. Ausnahmeregelungen erfolgen in Abstimmung mit dem Jobcenter bzw. der Arbeitsagentur oder der optierenden Kommune.</p>",bildungsanbieter,not sent,https://berger-bildungsinstitut.de/viona?utm_source=Kursnet&utm_campaign=Kursnet&utm_medium=Link_Kurs&utm_term=S-2368-J-5#/kurs-fuer-arbeitssuchende/S-2368-J-5
"Vorbereitung auf eine Umschulung (kaufmännisch, Lagerlogistik, Schutz und Sicherheit) mit Sprachfestigung auf Englisch A2/ B1-Niveau und Einführung in die Buchführung",IBB Institut für Berufliche Bildung GmbH,kundencenter-kursnet@ibb.com,<p>Vorausgesetzt werden Deutschkenntnisse auf dem Sprachniveau B1.1. sowie gute Kenntnisse im Umgang mit dem PC und MS Office.</p><p>Allen Interessierten stehen wir in einem persönlichen Gespräch zur Abklärung ihrer individuellen Teilnahmevoraussetzungen zur Verfügung.</p>,bildungsanbieter,not sent,https://www.ibb.com/kurs-fuer-arbeitssuchende/ZU-K-4041-1?utm_source=Kursnet&utm_medium=Link_Kurs&utm_campaign=Kursnet&utm_term=ZU-K-4041-1
"Betreuungskraft nach §§ 43b, 53b SGB XI mit Zusatzqualifikation Demenz verstehen",IBB Institut für Berufliche Bildung GmbH,kundencenter-kursnet@ibb.com,"<p>Teilnehmende sollten soziale Kompetenz, Empathie-Fähigkeit, hohe Belastbarkeit sowie Wahrnehmungsfähigkeit und Beobachtungsgabe aufweisen. Sie müssen sich in einem mindestens fünftägigen Praktikum VOR Beginn des Kurses erproben. Hierbei finden Sie heraus, ob Ihnen die Arbeit mit demenzerkrankten, körperlich beeinträchtigten oder geistig behinderten Menschen Freude bereitet. Computer-Kenntnisse sind unbedingt sicherzustellen. Die Deutschkenntnisse sollten sich auf muttersprachlichem Niveau bewegen (mind. Niveau B2 - ggf. Einstufungstest).</p><p>Allen Interessierten stehen wir in einem persönlichen Gespräch zur Abklärung ihrer individuellen Teilnahmevoraussetzungen zur Verfügung.</p>",bildungsanbieter,not sent,https://www.ibb.com/kurs-fuer-arbeitssuchende/Z-P-7120?utm_source=Kursnet&utm_medium=Link_Kurs&utm_campaign=Kursnet&utm_term=Z-P-7120
Betreuungsassistent mit eingeschränkter Alltagskompetenz nach §53b SGB XI inkl. optionalem Zusatzmodul Schwesternhelfer / Pflegehelfer,TERTIA Berufsförderung GmbH & Co. KG,schnittstelle@tertia.de,keine Angabe,bildungsanbieter,not sent,https://www.tertia.de/tobi_betreuungsassistentin/
"Betreuungskraft nach §§ 43b, 53b SGB XI",faw Jena,jena@faw.de,<p>- grundlegende Fähigkeiten in der Bedienung des PC (Windows und Word Grundlagen)<br/>- sichere Deutschkenntnisse (mind. B2-Niveau)<br/>- 5-tätiges (40h) Orientierungspraktikum VOR Maßnahmebeginn (darf nicht länger als sechs Monate zurückliegen)</p>,bildungsanbieter,not sent,https://www.faw.de/kurs/eca-92613
Vorbereitung auf eine Mediengestalter-Umschulung - Schwerpunkt: Tools in der Mediengestaltung - Intensiv,Stiftung Lernen-Fördern-Arbeiten (LFA),info@lfa.org,"<p>Besondere Teilnahmevoraussetzungen sind nicht nötig, da die konkreten Inhalte und Schwerpunkte individuell auf jeden Teilnehmer, seinen Bedarf und seine Vorkenntnisse abgestimmt werden.</p>",bildungsanbieter,not sent,https://www.lfa.org/das-tun-wir/berufliche-weiterbildung-und-qualifizierung/viona-kurssuche/?utm_source=Kursnet&utm_campaign=Kursnet&utm_medium=Link_Kurs&utm_term=ZU-X-4410-1#/kurs-fuer-arbeitssuchende/ZU-X-4410-1
Grundkompetenzen für PC-Anwendungen,faw Rostock,rostock@faw.de,<p>- ausreichendes Sprachniveau (mind. B2)<br/>- Grundlegende Fähigkeiten in der Bedienung des PC</p>,bildungsanbieter,not sent,https://www.faw.de/kurs/eca-92534
"Vorbereitung auf eine IT-Umschulung - mit Schwerpunkt auf den drei IT-Grundlagenfächern, für Quereinsteiger mit vorbereitendem Grundlagenmodul",its digital akademie GmbH,beratung@its-digital-akademie.de,<p>Vorausgesetzt werden Deutschkenntnisse auf dem Niveau Deutsch B2 und Englisch B1.</p>,bildungsanbieter,not sent,https://form.typeform.com/to/tcq9SlEj?utm_source=Kursnet&utm_campaign=Kursnet&utm_medium=Link_Kurs&utm_term=ZU-E-4003-2
"Vorbereitung auf eine Umschulung (kaufmännisch, Lagerlogistik, Schutz und Sicherheit) mit Schwerpunkt Textverarbeitung und Einführung in die Buchführung",Prisma Bildungsplattform e. V.,info@prisma-bp.de,<p>Vorausgesetzt werden Deutschkenntnisse auf dem Niveau Deutsch B2.</p>,bildungsanbieter,not sent,https://akademie-prisma.de/fort-und-weiterbildungen/viona-online-schulung?utm_source=Kursnet&utm_campaign=Kursnet&utm_medium=Link_Kurs&utm_term=ZU-K-4042-1#/kurs-fuer-arbeitssuchende/ZU-K-4042-1
Erwerb von Grundkompetenzen - Grundwissen Mathematik (Anwendung von Zahlen & Zins- und Prozentrechnung),Lernstudio Barbarossa/MegaKids Fortbildungs GmbH,viona@lernstudio-barbarossa.de,<p>An der Maßnahme können Teilnehmer mit unterschiedlichen Zugangsvoraussetzungen teilnehmen. Bestimmte berufliche Vorkenntnisse oder Erfahrungen sind für die Teilnahme an der Maßnahme nicht erforderlich. <br/>Ausnahmeregelungen erfolgen in Abstimmung mit dem JC/der Arbeitsagentur oder der optierenden Kommune. Grundlegende Deutschsprachkenntnisse (Niveau A2 GER) werden vorausgesetzt.</p>,bildungsanbieter,not sent,https://www.lernstudio-barbarossa.de/weiterbildung/?utm_source=Kursnet&utm_campaign=Kursnet&utm_medium=Link_Kurs&utm_term=S-2368-D-6
Grundlagen für Wirtschafts- und Dienstleistungsberufe inkl. moderne Arbeitswelt,WBS TRAINING SE,info@wbstraining.de,<p>abgeschlossene Berufsausbildung oder mehrjährige Berufserfahrung (für Teilnehmende ohne formalen Berufsabschluss)</p>,bildungsanbieter,not sent,https://www.wbstraining.de/kn/grundlagen-wirtschafts-dienstleistungsberufe/
Vorbereitungskurs kaufmännische / betriebswirtschaftliche Umschulung inkl. Eignungsfeststellung,COMCAVE.COLLEGE GmbH,anfrage@comcave.com,"<ul><li> Deutsch in Wort und Schrift.</li><li> Persönliches Eignungsgespräch im Rahmen der Fachberatung.</li></ul><p>Ausnahmen sind in Absprache mit COMCAVE und dem jeweiligen Kostenträger, zum Beispiel der Agentur für Arbeit oder dem Jobcenter, möglich. Des Weiteren gelten die Zugangsvoraussetzungen des Kostenträgers.</p>",bildungsanbieter,not sent,https://www.comcave.de/weiterbildung/bewerbungstraining-vorbereitung/vorbereitungskurse/vorbereitung-kaufmaennische-betriebswirtschaftliche-umschulung-eignungsfeststellung/?utm_campaign=weiterbildung&utm_source=kursnet
Erwerb von Grundkompetenzen,Fortbildungsakademie der Wirtschaft (FAW) gGmbH,beratung@online-weiterbilden.com,<p>An der Maßnahme können Teilnehmer mit unterschiedlichen Zugangsvoraussetzungen teilnehmen. Bestimmte berufliche Vorkenntnisse oder Erfahrungen sind für die Teilnahme an der Maßnahme nicht erforderlich. <br/>Ausnahmeregelungen erfolgen in Abstimmung mit dem JC/der Arbeitsagentur oder der optierenden Kommune. Grundlegende Deutschsprachkenntnisse (Niveau A2 GER) werden vorausgesetzt.</p>,bildungsanbieter,not sent,https://www.faw.de/r/ibb?utm_source=Kursnet&utm_campaign=Kursnet&utm_medium=Link_Kurs&utm_term=S-2370-6
Industriekaufmann - Vorbereitung auf die IHK-Prüfung,COMCAVE.COLLEGE GmbH,anfrage@comcave.com,"<ul><li> Die Zulassung zur IHK-Abschlussprüfung muss vorliegen.</li><li> Deutsch in Wort und Schrift.</li><li> Persönliches Eignungsgespräch im Rahmen der Fachberatung.</li></ul><p>Ausnahmen sind in Absprache mit COMCAVE und dem jeweiligen Kostenträger, zum Beispiel der Agentur für Arbeit oder dem Jobcenter, möglich. Des Weiteren gelten die Zugangsvoraussetzungen des Kostenträgers.</p>",bildungsanbieter,not sent,https://www.comcave.de/weiterbildung/bewerbungstraining-vorbereitung/vorbereitungskurse/vorbereitung-ihk-pruefung-industriekauffrau-industriekaufmann/?utm_campaign=weiterbildung&utm_source=kursnet
Gastronomie und Küche - Praxisphase zur beruflichen Kenntnisvermittlung,TÜV Rheinland Akademie GmbH I,servicecenter@de.tuv.com,"<p>Damit Sie teilnehmen können, sollten Sie folgende Voraussetzungen erfüllen:<br/></p><ul><li>Mindestens 25 Jahre</li><li>Gesundheitliche Beeinträchtigung</li><li>Grundsätzliche Erwerbsfähigkeit- wenn auch vermindert</li></ul><p>Bevor Sie den Kurs beginnen, erhalten Sie eine individuelle Beratung.</p>",bildungsanbieter,not sent,https://kurse.tuv.com/weiterbildung/gastronomie-kueche-praxisphase-zur-beruflichen-kenntnisvermittlung?wt_mc=DE25_A06_MYNOW_EL_Textlink_&cpid=DE25_A06_MYNOW_EL&utm_medium=Textlink&utm_source=Externallink&utm_id=DE25_A06_MYNOW_EL&utm_content=Textlink_&utm_campaign=mynow&utm_term=NonPaid
Erwerb von Grundkompetenzen - Grundwissen Mathematik (Grundrechenarten & Zins- und Prozentrechnung),NH Schulungscenter für IT und Business GmbH,beratung@nh-mitte.de,<p>An der Maßnahme können Teilnehmer mit unterschiedlichen Zugangsvoraussetzungen teilnehmen. Bestimmte berufliche Vorkenntnisse oder Erfahrungen sind für die Teilnahme an der Maßnahme nicht erforderlich. <br/>Ausnahmeregelungen erfolgen in Abstimmung mit dem JC/der Arbeitsagentur oder der optierenden Kommune. Grundlegende Deutschsprachkenntnisse (Niveau A2 GER) werden vorausgesetzt.</p>,bildungsanbieter,not sent,https://www.viona.online/kursdetail/s-2368-c?utm_source=Kursnet&utm_campaign=Kursnet&utm_medium=Link_Kurs&utm_term=S-2368-C-6_NEWHORIZONS
Grundkompetenzen für PC-Anwendungen,bfz Regensburg,info-r@bfz.de,<p>- ausreichendes Sprachniveau (mind. B2)<br/>- Grundlegende Fähigkeiten in der Bedienung des PC</p>,bildungsanbieter,not sent,https://www.bfz.de/kurs/eca-92534
Sport- und Fitnesskaufmann - Vorbereitung auf die IHK-Prüfung,COMCAVE.COLLEGE GmbH,anfrage@comcave.com,"<ul><li> Die Zulassung zur IHK-Abschlussprüfung muss vorliegen.</li><li> Deutsch in Wort und Schrift.</li><li> Persönliches Eignungsgespräch im Rahmen der Fachberatung.</li></ul><p>Ausnahmen sind in Absprache mit COMCAVE und dem jeweiligen Kostenträger, zum Beispiel der Agentur für Arbeit oder dem Jobcenter, möglich. Des Weiteren gelten die Zugangsvoraussetzungen des Kostenträgers.</p>",bildungsanbieter,not sent,https://www.comcave.de/weiterbildung/bewerbungstraining-vorbereitung/vorbereitungskurse/vorbereitung-ihk-pruefung-sport-fitnesskauffrau-fitnesskaufmann/?utm_campaign=weiterbildung&utm_source=kursnet
Vorbereitung auf eine IT Umschulung,faw Hamburg,hamburg@faw.de,<p>- Grundlegende Fähigkeiten in der Bedienung des PC (Windows und Word Grundlagen)<br/>- Deutsch in Wort und Schrift (mind. B2)</p>,bildungsanbieter,not sent,https://www.faw.de/kurs/eca-92600
Einjährige Berufsfachschule Metalltechnik Schwerpunkt Metallbautechnik,Berufsbildende Schulen Rotenburg - Europaschule -,bbs-row@lk-row.de,"<p>Ein Hauptschulabschluss ist notwendig. Ansonsten ist zunächst das Berufsvorbereitungsjahr (BVJ) oder die Berufseinstiegsklasse zu besuchen. Weiterhin ist ein gutes räumliches Vorstellungsvermögen, handwerkliches Geschick sowie die Bereitschaft zu genauer Arbeit erforderlich.</p>",bildungsanbieter,not sent,https://www.bbsrow.de/bildungsangebote/schulformen/berufsfachschulen-hs-abschluss/einjaehrige-berufsfachschule-bfs-metalltechnik-schwerpunkt-metallbautechnik/
Vorbereitungskurs kaufmännische / betriebswirtschaftliche Umschulung,COMCAVE.COLLEGE GmbH,anfrage@comcave.com,"<ul><li> Mindestens Hauptschulabschluss oder vergleichbaren Schulabschluss.</li><li> Interesse für den kaufmännichen Bereich.</li><li> Deutsch in Wort und Schrift.</li><li> Grundlegende PC-Kenntnisse.</li><li> Ein internes Auswahlverfahren im Rahmen eines Fachgespräches ist mit ""gut geeignet"" zu bestehen.</li></ul><p>Des Weiteren gelten die Zugangsvoraussetzungen des Kostenträgers, Ausnahmen sind in Absprache mit dem COMCAVE.COLLEGE® und dem Kostenträger möglich.<br/>Die beruflichen und schulischen Zugangsvoraussetzungen werden anhand von Lebenslauf, Zeugnissen und Zertifikaten, bzw. einer Eignungsfeststellung im Rahmen eines ausführlichen persönlichen Fachgespräches geprüft.</p>",bildungsanbieter,not sent,https://www.comcave.de/weiterbildung/bewerbungstraining-vorbereitung/vorbereitung-kaufmaennische-umschulung/?utm_campaign=weiterbildung&utm_source=kursnet
"Vorbereitung auf eine Umschulung (kaufmännisch, Lagerlogistik, Schutz und Sicherheit) mit Schwerpunkt EDV und Einführung in die Buchführung",Do IT Digital GmbH,info@doit-digital.com,<p>Vorausgesetzt werden Deutschkenntnisse auf dem Niveau Deutsch B2.</p>,bildungsanbieter,not sent,https://doit-digital.com/kursliste/?utm_source=Kursnet&utm_campaign=Kursnet&utm_medium=Link_Kurs&utm_term=ZU-K-4039-1#/kurs-fuer-arbeitssuchende/ZU-K-4039-1
Erwerb von Grundkompetenzen - Grundwissen Mathematik (Grundrechenarten & Bruchrechnung),Lecturio GmbH,bildungsgutschein@lecturio.de,<p>An der Maßnahme können Teilnehmer mit unterschiedlichen Zugangsvoraussetzungen teilnehmen. Bestimmte berufliche Vorkenntnisse oder Erfahrungen sind für die Teilnahme an der Maßnahme nicht erforderlich. <br/>Ausnahmeregelungen erfolgen in Abstimmung mit dem JC/der Arbeitsagentur oder der optierenden Kommune. Grundlegende Deutschsprachkenntnisse (Niveau A2 GER) werden vorausgesetzt.</p>,bildungsanbieter,not sent,https://www.lecturio.de/weiterbildung-mit-bildungsgutschein/online-live-kurse/?utm_source=Kursnet&utm_campaign=Kursnet&utm_medium=Link_Kurs&utm_term=S-2368-A-6#/kurs-fuer-arbeitssuchende/S-2368-A-6
Betreuungsassistent / -in,Monatti Bildungs GmbH,Monika.Schwarz@Monatti-Bildungs-GmbH.de,keine Angabe,bildungsanbieter,not sent,
"Vorbereitung auf eine Umschulung (kaufmännisch, Lagerlogistik, Schutz und Sicherheit) mit Schwerpunkt EDV-Grundlagen und Textverarbeitung",Do IT Digital GmbH,info@doit-digital.com,<p>Vorausgesetzt werden Deutschkenntnisse auf dem Niveau Deutsch B.2.</p>,bildungsanbieter,not sent,https://doit-digital.com/kursliste/?utm_source=Kursnet&utm_campaign=Kursnet&utm_medium=Link_Kurs&utm_term=ZU-K-4046-1#/kurs-fuer-arbeitssuchende/ZU-K-4046-1
Fachpraktiker/in für Zerspanungsmechanik,Berufsbildungswerk St. Franziskus Abensberg,info@bbw-abensberg.de,"<p>Mindestalter 15 Jahre<br/>Schule zur individuellen Lernförderung, Hauptschule</p>",bildungsanbieter,not sent,http://www.bbw-abensberg.de
"Vorbereitung auf eine Umschulung (kaufmännisch, Lagerlogistik, Schutz und Sicherheit) mit Schwerpunkt EDV",TERTIA Berufsförderung GmbH & Co. KG,info@tertia.de,<p>Vorausgesetzt werden Deutschkenntnisse auf dem Niveau Deutsch B2.</p>,bildungsanbieter,not sent,https://www.viona.online/kursdetail/zu-k-4043?utm_source=Kursnet&utm_campaign=Kursnet&utm_medium=Link_Kurs&utm_term=ZU-K-4043-1_TERTIA
"Vorbereitung auf eine Umschulung (kaufmännisch, Lagerlogistik, Schutz und Sicherheit) mit Schwerpunkt EDV-Grundlagen und Textverarbeitung",Lernstudio Barbarossa/MegaKids Fortbildungs GmbH,viona@lernstudio-barbarossa.de,<p>Vorausgesetzt werden Deutschkenntnisse auf dem Niveau Deutsch B.2.</p>,bildungsanbieter,not sent,https://www.lernstudio-barbarossa.de/weiterbildung/?utm_source=Kursnet&utm_campaign=Kursnet&utm_medium=Link_Kurs&utm_term=ZU-K-4046-1
Nachprüfungsvorbereitung der Umschulung Mediengestalter Digital und Print (w/m/d),WBS TRAINING SE,info@wbstraining.de,<p>Die Zulassungsvoraussetzungen für die Abschlussprüfung müssen erfüllt sein (z. B. durch Absolvieren des Praktikums und Lerninhalte der AO).</p>,bildungsanbieter,not sent,https://www.wbstraining.de/kn/nachpruefung-umschulung-mediengestalter/
Vorbereitungskurs kaufmännische / betriebswirtschaftliche Umschulung inkl. Eignungsfeststellung,COMCAVE.COLLEGE GmbH,anfrage@comcave.com,"<ul><li> Deutsch in Wort und Schrift.</li><li> Persönliches Eignungsgespräch im Rahmen der Fachberatung.</li></ul><p>Ausnahmen sind in Absprache mit COMCAVE und dem jeweiligen Kostenträger, zum Beispiel der Agentur für Arbeit oder dem Jobcenter, möglich. Des Weiteren gelten die Zugangsvoraussetzungen des Kostenträgers.</p>",bildungsanbieter,not sent,https://www.comcave.de/weiterbildung/bewerbungstraining-vorbereitung/vorbereitungskurse/vorbereitung-kaufmaennische-betriebswirtschaftliche-umschulung-eignungsfeststellung/?utm_campaign=weiterbildung&utm_source=kursnet
"Vorbereitung auf eine Umschulung (kaufmännisch, Lagerlogistik, Schutz und Sicherheit) mit Sprachfestigung auf Englisch A2/ B1-Niveau und Einführung in die Buchführung",Lernstudio Barbarossa/MegaKids Fortbildungs GmbH,viona@lernstudio-barbarossa.de,<p>Vorausgesetzt werden Deutschkenntnisse auf dem Sprachniveau B1.1. sowie gute Kenntnisse im Umgang mit dem PC und MS Office.</p>,bildungsanbieter,not sent,https://www.lernstudio-barbarossa.de/weiterbildung/?utm_source=Kursnet&utm_campaign=Kursnet&utm_medium=Link_Kurs&utm_term=ZU-K-4041-1
Sport- und Fitnesskaufmann - Vorbereitung auf die IHK-Prüfung,COMCAVE.COLLEGE GmbH,anfrage@comcave.com,"<ul><li> Die Zulassung zur IHK-Abschlussprüfung muss vorliegen.</li><li> Deutsch in Wort und Schrift.</li><li> Persönliches Eignungsgespräch im Rahmen der Fachberatung.</li></ul><p>Ausnahmen sind in Absprache mit COMCAVE und dem jeweiligen Kostenträger, zum Beispiel der Agentur für Arbeit oder dem Jobcenter, möglich. Des Weiteren gelten die Zugangsvoraussetzungen des Kostenträgers.</p>",bildungsanbieter,not sent,https://www.comcave.de/weiterbildung/bewerbungstraining-vorbereitung/vorbereitungskurse/vorbereitung-ihk-pruefung-sport-fitnesskauffrau-fitnesskaufmann/?utm_campaign=weiterbildung&utm_source=kursnet
Zerspanungsmechaniker/in Drehtechnik,CJD Dortmund Berufsbildungswerk,cjd.dortmund@cjd.de,<p>Lernbeeinträchtigung oder psychischer Beeinträchtigung</p>,bildungsanbieter,not sent,
"Vorbereitung auf eine IT-Umschulung - mit Schwerpunkt auf den drei IT-Grundlagenfächern, für Quereinsteiger mit vorbereitendem Grundlagenmodul",TERTIA Berufsförderung GmbH & Co. KG,info@tertia.de,<p>Vorausgesetzt werden Deutschkenntnisse auf dem Niveau Deutsch B2 und Englisch B1.</p>,bildungsanbieter,not sent,https://www.viona.online/kursdetail/zu-e-4003?utm_source=Kursnet&utm_campaign=Kursnet&utm_medium=Link_Kurs&utm_term=ZU-E-4003-2_TERTIA
Vorbereitung auf eine Mediengestalter-Umschulung - Schwerpunkt: Tools in der Mediengestaltung - Kompakt,IBB Institut für Berufliche Bildung GmbH,kundencenter-kursnet@ibb.com,"<p>Besondere Teilnahmevoraussetzungen sind nicht nötig, da die konkreten Inhalte und Schwerpunkte individuell auf jeden Teilnehmer, seinen Bedarf und seine Vorkenntnisse abgestimmt werden.</p><p>Allen Interessierten stehen wir in einem persönlichen Gespräch zur Abklärung ihrer individuellen Teilnahmevoraussetzungen zur Verfügung.</p>",bildungsanbieter,not sent,https://www.ibb.com/kurs-fuer-arbeitssuchende/ZU-X-4411-1?utm_source=Kursnet&utm_medium=Link_Kurs&utm_campaign=Kursnet&utm_term=ZU-X-4411-1
Fachinformatiker Anwendungsentwicklung - Vorbereitung auf die IHK-Prüfung,COMCAVE.COLLEGE GmbH,anfrage@comcave.com,"<ul><li> Die Zulassung zur IHK-Abschlussprüfung muss vorliegen.</li><li> Deutsch in Wort und Schrift.</li><li> Persönliches Eignungsgespräch im Rahmen der Fachberatung.</li></ul><p>Ausnahmen sind in Absprache mit COMCAVE und dem jeweiligen Kostenträger, zum Beispiel der Agentur für Arbeit oder dem Jobcenter, möglich. Des Weiteren gelten die Zugangsvoraussetzungen des Kostenträgers.</p>",bildungsanbieter,not sent,https://www.comcave.de/weiterbildung/bewerbungstraining-vorbereitung/vorbereitungskurse/vorbereitung-ihk-pruefung-fachinformatiker-anwendungsentwicklung/?utm_campaign=weiterbildung&utm_source=kursnet
Betreuungskraft nach § 53b SGB XI,Gemeinnützige Gesellschaft für soziale Dienste - DAA - mbH,info@ggsd.de,<ul><li>Teilnahme an einem Erkundungspraktikum in einer vollstationären oder teilstationären Einrichtung im Umfang von 40 Stunden. (Nachweis durch die Einsatzstelle ist erforderlich)</li><li>Teilnahme an einem Beratungsgespräch</li></ul>,bildungsanbieter,not sent,https://www.ggsd.de/weiterbildung
"Kfz-Mechatroniker (m/w/d), Schwerpunkt: Personenkraftwagentechnik (Ausbildung)",Heinrich-Haus gGmbH Berufsbildungswerk,aufnahme-bbw@heinrich-haus.de,<p>Reha-Status</p>,bildungsanbieter,not sent,https://bbw-neuwied.de
"Vorbereitung auf eine Umschulung (kaufmännisch, Lagerlogistik, Schutz und Sicherheit) mit Schwerpunkt EDV-Grundlagen und Textverarbeitung",IBB Institut für Berufliche Bildung GmbH,kundencenter-kursnet@ibb.com,<p>Vorausgesetzt werden Deutschkenntnisse auf dem Niveau Deutsch B.2.</p><p>Allen Interessierten stehen wir in einem persönlichen Gespräch zur Abklärung ihrer individuellen Teilnahmevoraussetzungen zur Verfügung.</p>,bildungsanbieter,not sent,https://www.ibb.com/kurs-fuer-arbeitssuchende/ZU-K-4046-1?utm_source=Kursnet&utm_medium=Link_Kurs&utm_campaign=Kursnet&utm_term=ZU-K-4046-1
"Anlagenmechaniker/Anlagenmechanikerin für Sanitär-, Heizungs- und Klimatechnik (P) Ausbildung",DiakonieMünchenOberbayerngGmbH,,keine Angabe,bildungsanbieter,not sent,
Vorbereitung auf eine betriebliche Umschulung,WBS TRAINING SE,info@wbstraining.de,<p>abgeschlossene Berufsausbildung oder mehrjährige Berufserfahrung (für Teilnehmende ohne formalen Berufsabschluss)</p>,bildungsanbieter,not sent,https://www.wbstraining.de/kn/betriebliche-umschulung/
Vorbereitung auf eine betriebliche Umschulung,WBS TRAINING SE,info@wbstraining.de,<p>abgeschlossene Berufsausbildung oder mehrjährige Berufserfahrung (für Teilnehmende ohne formalen Berufsabschluss)</p>,bildungsanbieter,not sent,https://www.wbstraining.de/kn/betriebliche-umschulung/
Vorbereitung auf eine IT-Umschulung - mit einem wesentlichen FISI-Hauptfach,Lernstudio Barbarossa/MegaKids Fortbildungs GmbH,viona@lernstudio-barbarossa.de,<p>Vorausgesetzt werden Deutschkenntnisse auf dem Niveau Deutsch B2 und Englisch B1.</p>,bildungsanbieter,not sent,https://www.lernstudio-barbarossa.de/weiterbildung/?utm_source=Kursnet&utm_campaign=Kursnet&utm_medium=Link_Kurs&utm_term=ZU-E-4007-1
Erwerb von Grundkompetenzen - IT-Kompetenz (PC - Computer Grundlagen; Browser und Microsoft Outlook),IBB Institut für Berufliche Bildung GmbH,kundencenter-kursnet@ibb.com,"<p>Bestimmte berufliche Vorkenntnisse oder Erfahrungen sind für eine Teilnahme nicht erforderlich. Um unser Angebot individuell auf Ihre Bedürfnisse zuschneiden zu können, führen wir mit Ihnen vorab ein persönliches Beratungsgespräch. Ausnahmeregelungen erfolgen in Abstimmung mit dem Jobcenter bzw. der Arbeitsagentur oder der optierenden Kommune.</p><p>Allen Interessierten stehen wir in einem persönlichen Gespräch zur Abklärung ihrer individuellen Teilnahmevoraussetzungen zur Verfügung.</p>",bildungsanbieter,not sent,https://www.ibb.com/kurs-fuer-arbeitssuchende/S-2368-H-6?utm_source=Kursnet&utm_medium=Link_Kurs&utm_campaign=Kursnet&utm_term=S-2368-H-6
Erwerb von Grundkompetenzen - IT-Kompetenz (Microsoft Word - Textverarbeitung und Microsoft Excel - Tabellenkalkulation),IBB Institut für Berufliche Bildung GmbH,kundencenter-kursnet@ibb.com,"<p>Bestimmte berufliche Vorkenntnisse oder Erfahrungen sind für eine Teilnahme nicht erforderlich. Um unser Angebot individuell auf Ihre Bedürfnisse zuschneiden zu können, führen wir mit Ihnen vorab ein persönliches Beratungsgespräch. Ausnahmeregelungen erfolgen in Abstimmung mit dem Jobcenter bzw. der Arbeitsagentur oder der optierenden Kommune.</p><p>Allen Interessierten stehen wir in einem persönlichen Gespräch zur Abklärung ihrer individuellen Teilnahmevoraussetzungen zur Verfügung.</p>",bildungsanbieter,not sent,https://www.ibb.com/kurs-fuer-arbeitssuchende/S-2368-I-5?utm_source=Kursnet&utm_medium=Link_Kurs&utm_campaign=Kursnet&utm_term=S-2368-I-5
"Betreuungskraft nach §§ 43b, 53b SGB XI mit Computer-Grundlagen und MS Word",IBB Institut für Berufliche Bildung GmbH,kundencenter-kursnet@ibb.com,"<p>Sie müssen sich in einem mindestens fünftägigen Praktikum VOR Beginn des Kurses erproben. Hier sollen Sie als Interessent herausfinden, ob Ihnen die Arbeit mit demenzerkrankten, körperlich beeinträchtigten oder geistig behinderten Menschen Freude bereitet. Computer-Grundlagen sind in diesem Cluster nicht erforderlich, gute sprachliche Verständigung in Deutsch sollten Sie mitbringen.</p><p>Allen Interessierten stehen wir in einem persönlichen Gespräch zur Abklärung ihrer individuellen Teilnahmevoraussetzungen zur Verfügung.</p>",bildungsanbieter,not sent,https://www.ibb.com/kurs-fuer-arbeitssuchende/Z-P-2603-4?utm_source=Kursnet&utm_medium=Link_Kurs&utm_campaign=Kursnet&utm_term=Z-P-2603-4
Erwerb von Grundkompetenzen - IT-Kompetenz (Microsoft Word - Textverarbeitung und Microsoft PowerPoint - Präsentationen),Lecturio GmbH,bildungsgutschein@lecturio.de,"<p>Bestimmte berufliche Vorkenntnisse oder Erfahrungen sind für eine Teilnahme nicht erforderlich. Um unser Angebot individuell auf Ihre Bedürfnisse zuschneiden zu können, führen wir mit Ihnen vorab ein persönliches Beratungsgespräch. Ausnahmeregelungen erfolgen in Abstimmung mit dem Jobcenter bzw. der Arbeitsagentur oder der optierenden Kommune.</p>",bildungsanbieter,not sent,https://www.lecturio.de/weiterbildung-mit-bildungsgutschein/online-live-kurse/?utm_source=Kursnet&utm_campaign=Kursnet&utm_medium=Link_Kurs&utm_term=S-2368-J-5#/kurs-fuer-arbeitssuchende/S-2368-J-5
Erwerb von Grundkompetenzen - IT-Kompetenz (Microsoft Word - Textverarbeitung und Microsoft PowerPoint - Präsentationen),IBB Institut für Berufliche Bildung GmbH,kundencenter-kursnet@ibb.com,"<p>Bestimmte berufliche Vorkenntnisse oder Erfahrungen sind für eine Teilnahme nicht erforderlich. Um unser Angebot individuell auf Ihre Bedürfnisse zuschneiden zu können, führen wir mit Ihnen vorab ein persönliches Beratungsgespräch. Ausnahmeregelungen erfolgen in Abstimmung mit dem Jobcenter bzw. der Arbeitsagentur oder der optierenden Kommune.</p><p>Allen Interessierten stehen wir in einem persönlichen Gespräch zur Abklärung ihrer individuellen Teilnahmevoraussetzungen zur Verfügung.</p>",bildungsanbieter,not sent,https://www.ibb.com/kurs-fuer-arbeitssuchende/S-2368-J-5?utm_source=Kursnet&utm_medium=Link_Kurs&utm_campaign=Kursnet&utm_term=S-2368-J-5
"Kauffrau, Kaufmann E-Commerce - Vorbereitung auf die IHK-Prüfung",COMCAVE.COLLEGE GmbH,anfrage@comcave.com,"<ul><li> Die Zulassung zur IHK-Abschlussprüfung muss vorliegen.</li><li> Deutsch in Wort und Schrift.</li><li> Persönliches Eignungsgespräch im Rahmen der Fachberatung.</li></ul><p>Ausnahmen sind in Absprache mit COMCAVE und dem jeweiligen Kostenträger, zum Beispiel der Agentur für Arbeit oder dem Jobcenter, möglich. Des Weiteren gelten die Zugangsvoraussetzungen des Kostenträgers.</p>",bildungsanbieter,not sent,https://www.comcave.de/weiterbildung/bewerbungstraining-vorbereitung/vorbereitungskurse/vorbereitung-ihk-pruefung-kaufmann-kauffrau-ecommerce/?utm_campaign=weiterbildung&utm_source=kursnet
Technischer Produktdesigner Fachrichtung Maschinen- und Anlagenkonstruktion,Berufsbildungswerk Benediktushof Maria Veen,info@Benediktushof.de,keine Angabe,bildungsanbieter,not sent,
Betreuungsassistent nach § 53b - Alltagsbegleitung professionell gestalten,DEKRA Akademie GmbH,noreply@dekra.com,"<ul><li> Ausreichende Deutschkenntnisse in Wort und Schrift: Diese können durch einen Hauptschul- oder vergleichbaren Abschluss bzw. durch Nachweis von Sprachkenntnissen entsprechend GER B1 nachgewiesen werden</li><li> Teilnahme an einem Beratungsgespräch</li><li> Gesundheitliche Eignung</li><li> Nachweis einer Masernschutzimpfung bis zum Beginn der betrieblichen Lernphase</li><li> Spezielle Teilnahmevoraussetzungen für einzelne Module und Ausnahmeregelungen nach Absprache zwischen dem Kostenträger und der DEKRA Akademie</li><li> Nachweis eines Orientierungspraktikums im Umfang von 40 Stunden in einer ambulanten (auch nach §71 Abs. 1a SGB XI zugelassenen), vollstationären oder teilstationären Pflegeeinrichtung</li></ul>",bildungsanbieter,not sent,https://www.dekra-akademie.de/content/beruflich-durchstarten?utm_source=kursnet&utm_medium=referral&utm_campaign=betreuungsassistent-nach-53b-sgb-xi-alltagsbegleitung-professionell-gestalten&utm_content=2916480
Vorbereitung auf eine digitale Weiterbildung im kaufmännischen Bereich,bfz München,info-m@bfz.de,<p>- Interesse und Offenheit im Umgang mit EDV<br/>- gutes Sprachniveau (min. B2)</p>,bildungsanbieter,not sent,https://www.bfz.de/kurs/eca-92206
Vorbereitung auf eine digitale Umschulung,bfz Mittelfranken,info-mfr@bfz.de,"<p>- Sicherer Umgang mit dem PC<br/>- Das Speichern und Verwalten von Dateien, sowie die Bedienung von Windowsfenstern muss bekannt sein<br/>- Deutsch in Wort und Schrift (mindestens B2) </p>",bildungsanbieter,not sent,https://www.bfz.de/kurs/eca-92358
Erwerb von Grundkompetenzen,Lernstudio Barbarossa/MegaKids Fortbildungs GmbH,viona@lernstudio-barbarossa.de,<p>An der Maßnahme können Teilnehmer mit unterschiedlichen Zugangsvoraussetzungen teilnehmen. Bestimmte berufliche Vorkenntnisse oder Erfahrungen sind für die Teilnahme an der Maßnahme nicht erforderlich. <br/>Ausnahmeregelungen erfolgen in Abstimmung mit dem JC/der Arbeitsagentur oder der optierenden Kommune. Grundlegende Deutschsprachkenntnisse (Niveau A2 GER) werden vorausgesetzt.</p>,bildungsanbieter,not sent,https://www.lernstudio-barbarossa.de/weiterbildung/?utm_source=Kursnet&utm_campaign=Kursnet&utm_medium=Link_Kurs&utm_term=S-2370-6
Erwerb von Grundkompetenzen,Grone Bildungszentren Thüringen und Sachsen GmbH -gemeinnützig-,weimar@grone.de,<p>keine Zugangsvoraussetzungen erforderlich</p>,bildungsanbieter,not sent,
Fachpraktiker / Fachpraktikerin Kraftfahrzeugmechatronik (P) Ausbildung,DiakonieMünchenOberbayerngGmbH,,keine Angabe,bildungsanbieter,not sent,
Grundkompetenzen: Deutsch 2,TERTIA Berufsförderung GmbH & Co. KG,schnittstelle@tertia.de,keine Angabe,bildungsanbieter,not sent,https://www.tertia.de/tobi_grundkompetenzen/
Nachprüfungsvorbereitung Teil I der Umschulung Kaufmann/- frau Büromanagement,WBS TRAINING SE,info@wbstraining.de,<p>Die Zulassungsvoraussetzungen für die Abschlussprüfung müssen erfüllt sein (z. B. durch Absolvieren des Praktikums und Lerninhalte der AO).</p>,bildungsanbieter,not sent,https://www.wbstraining.de/kn/nachpruefung-umschulung-kaufmann-bueromanagement/
"Seniorenbetreuer:in - Aufbaukurs für Betreuungskraft nach §§ 43b, 53b SGB XI",IBB Institut für Berufliche Bildung GmbH,kundencenter-kursnet@ibb.com,"<p>Dieses Modul setzt eine abgeschlossene Weiterbildung als Betreuungskraft gemäß§§ 43b, 53b SGB XI voraus.</p><p>Allen Interessierten stehen wir in einem persönlichen Gespräch zur Abklärung ihrer individuellen Teilnahmevoraussetzungen zur Verfügung.</p>",bildungsanbieter,not sent,https://www.ibb.com/kurs-fuer-arbeitssuchende/P-3904-2?utm_source=Kursnet&utm_medium=Link_Kurs&utm_campaign=Kursnet&utm_term=P-3904-2
Nachprüfungsvorbereitung Teil II der Umschulung Fachinformatiker Anwendungsentwicklung (w/m/d),WBS TRAINING SE,info@wbstraining.de,<p>Die Zulassungsvoraussetzungen für die Abschlussprüfung müssen erfüllt sein (z. B. durch Absolvieren des Praktikums und Lerninhalte der AO).</p>,bildungsanbieter,not sent,https://www.wbstraining.de/kn/nachpruefung-ii-umschulung-fachinformatiker/
"Kaufmann, Kauffrau für Büromanagement - Vorbereitung auf die IHK-Prüfung",COMCAVE.COLLEGE GmbH,anfrage@comcave.com,"<ul><li> Die Zulassung zur IHK-Abschlussprüfung muss vorliegen.</li><li> Deutsch in Wort und Schrift.</li><li> Persönliches Eignungsgespräch im Rahmen der Fachberatung.</li></ul><p>Ausnahmen sind in Absprache mit COMCAVE und dem jeweiligen Kostenträger, zum Beispiel der Agentur für Arbeit oder dem Jobcenter, möglich. Des Weiteren gelten die Zugangsvoraussetzungen des Kostenträgers.</p>",bildungsanbieter,not sent,https://www.comcave.de/weiterbildung/bewerbungstraining-vorbereitung/vorbereitungskurse/vorbereitung-ihk-pruefung-kaufmann-kauffrau-bueromanagement/?utm_campaign=weiterbildung&utm_source=kursnet
Erwerb von Grundkompetenzen: Mathematik für kaufmännische Berufe,cpi consulting + training GmbH,anfrage@cpi.de,"<ul><li> Interesse an einer abschlussorientierten Maßnahme der beruflichen Weiterbildung, z. B. Umschulung oder Externenprüfung.</li><li> Deutsch in Wort und Schrift.</li><li> Persönliches Eignungsgespräch im Rahmen der Fachberatung.</li></ul><p>Ausnahmen sind in Absprache mit CPI und dem jeweiligen Kostenträger, zum Beispiel der Agentur für Arbeit oder dem Jobcenter, möglich. Des Weiteren gelten die Zugangsvoraussetzungen des Kostenträgers.</p>",bildungsanbieter,not sent,https://www.cpi.de/grundkenntnisse-vorbereitung/erwerb-von-grundkompetenzen-mathematik-fuer-kaufmaennische-berufe/?utm_campaign=weiterbildung&utm_source=kursnet
"Betreuungskraft / Alltagsbegleiter mit berufsbezogener Sprachförderung nach §§ 43b, 53b SGB XI (Modulare Weiterbildung MWe)",Mitteldeutsches Institut für Qualifikation und berufliche Rehabilitation - MIQR GmbH,info@miqr.de,"<p>Nach Rücksprache mit Ihrem Berater, Vermittler oder Fallmanager. Gerne beraten wir Sie ausführlich vor Beginn der Maßnahme.<br/>Zugangsvoraussetzung: mindestens Hauptschulabschluss bzw. abgeschlossene Berufsausbildung oder mehrjährige Berufserfahrung</p>",bildungsanbieter,not sent,https://mitteldeutsches-institut.de/alltagsbegleiter-ausbildung-mwe/
Gartenbaufachwerker*in - Fachrichtung Landschaftsbau,Mariaberger Ausbildung & Service gemeinnützige GmbH,beruflichebildung@mariaberg.de,keine Angabe,bildungsanbieter,not sent,https://www.mariaberg.de/ausbildung-duales-studium
